"","ImmProt_T8.CM_01","ImmProt_T8.CM_02","ImmProt_T8.CM_03","ImmProt_T8.CM_04","ImmProt_T8.CM_01_activated","ImmProt_T8.CM_02_activated","ImmProt_T8.CM_03_activated","ImmProt_T8.CM_04_activated"
"314",NA,NA,NA,NA,NA,NA,NA,NA
"26",0,0,1,1,0,0,0,0
"8639",NA,NA,NA,NA,NA,NA,NA,NA
"1591",NA,NA,NA,NA,NA,NA,NA,NA
"1594",0,0,0,0,0,0,0,0
"10993",0,0,0,0,0,0,0,0
"6818",0,1,0,1,1,0,0,1
"89874",NA,NA,NA,NA,NA,NA,NA,NA
"3945",1,1,1,1,1,1,1,1
"3948",NA,NA,NA,NA,NA,NA,NA,NA
"55293",1,0,1,0,0,1,0,1
"160287",NA,NA,NA,NA,NA,NA,NA,NA
"92483",NA,NA,NA,NA,NA,NA,NA,NA
"3939",0,0,0,0,0,0,1,0
"9194",1,1,0,0,1,0,0,1
"6566",0,0,1,1,0,1,0,0
"9123",0,1,1,1,1,0,0,1
"57835",NA,NA,NA,NA,NA,NA,NA,NA
"8671",0,0,0,0,0,0,0,0
"1738",1,1,1,1,1,1,1,1
"4967",1,1,1,1,1,1,1,1
"1743",1,1,1,1,1,1,1,1
"8050",1,0,0,1,0,0,1,1
"128",1,1,1,1,1,1,1,1
"137872",NA,NA,NA,NA,NA,NA,NA,NA
"130",NA,NA,NA,NA,NA,NA,NA,NA
"127",1,1,0,0,0,0,1,1
"131",NA,NA,NA,NA,NA,NA,NA,NA
"126",NA,NA,NA,NA,NA,NA,NA,NA
"124",NA,NA,NA,NA,NA,NA,NA,NA
"125",NA,NA,NA,NA,NA,NA,NA,NA
"1312",1,1,1,1,1,1,1,1
"117247",0,0,0,1,0,0,0,0
"220",NA,NA,NA,NA,NA,NA,NA,NA
"221",0,0,0,0,1,0,1,0
"218",NA,NA,NA,NA,NA,NA,NA,NA
"222",NA,NA,NA,NA,NA,NA,NA,NA
"3242",NA,NA,NA,NA,NA,NA,NA,NA
"18",0,0,1,1,0,1,1,0
"2531",0,1,1,1,1,0,0,0
"23498",0,1,0,1,0,1,0,0
"55268",0,0,1,1,0,1,1,1
"883",1,0,1,0,0,0,1,1
"51166",NA,NA,NA,NA,NA,NA,NA,NA
"1644",NA,NA,NA,NA,NA,NA,NA,NA
"4128",1,0,1,0,0,1,0,1
"4129",1,1,1,1,0,1,1,0
"8604",1,1,1,1,1,1,1,1
"10165",1,0,1,1,0,1,0,0
"2572",NA,NA,NA,NA,NA,NA,NA,NA
"2571",NA,NA,NA,NA,NA,NA,NA,NA
"51380",NA,NA,NA,NA,NA,NA,NA,NA
"2805",1,1,1,1,1,1,1,1
"2806",1,1,1,1,1,1,1,1
"8659",0,1,0,1,0,1,0,0
"6817",0,0,0,1,0,1,0,0
"6799",NA,NA,NA,NA,NA,NA,NA,NA
"6822",NA,NA,NA,NA,NA,NA,NA,NA
"6573",0,0,0,0,0,1,1,1
"316",NA,NA,NA,NA,NA,NA,NA,NA
"6570",NA,NA,NA,NA,NA,NA,NA,NA
"6571",0,0,0,0,0,0,0,0
"2348",NA,NA,NA,NA,NA,NA,NA,NA
"2352",0,0,0,0,0,0,0,0
"4125",1,0,1,0,1,1,0,0
"53947",NA,NA,NA,NA,NA,NA,NA,NA
"51146",NA,NA,NA,NA,NA,NA,NA,NA
"28",NA,NA,NA,NA,NA,NA,NA,NA
"206358",0,0,0,0,0,0,0,0
"6538",NA,NA,NA,NA,NA,NA,NA,NA
"6529",NA,NA,NA,NA,NA,NA,NA,NA
"6539",0,0,0,0,0,0,0,0
"6540",NA,NA,NA,NA,NA,NA,NA,NA
"3032",1,1,1,1,1,1,1,1
"10449",0,0,0,0,0,0,0,0
"38",0,0,0,0,0,1,1,1
"3030",1,1,1,1,1,1,1,1
"39",1,1,1,1,1,1,1,1
"30",1,0,1,1,1,1,1,0
"32",NA,NA,NA,NA,NA,NA,NA,NA
"9197",0,0,0,1,0,0,1,1
"79611",NA,NA,NA,NA,NA,NA,NA,NA
"84532",1,0,1,1,1,1,0,0
"64841",1,0,1,0,0,0,1,1
"55577",1,1,1,1,1,1,1,1
"5238",1,0,1,0,0,1,1,1
"9487",NA,NA,NA,NA,NA,NA,NA,NA
"162417",NA,NA,NA,NA,NA,NA,NA,NA
"43",NA,NA,NA,NA,NA,NA,NA,NA
"6572",NA,NA,NA,NA,NA,NA,NA,NA
"47",1,1,1,1,1,1,1,1
"54187",1,0,1,1,1,1,1,1
"26503",0,0,1,1,0,0,0,0
"54",1,1,0,1,1,0,0,0
"140838",0,0,0,0,1,0,1,0
"51205",1,0,1,0,1,0,1,1
"36",1,0,1,1,1,1,1,1
"34",1,1,1,1,1,1,1,1
"35",1,1,1,1,1,1,1,1
"84129",NA,NA,NA,NA,NA,NA,NA,NA
"28976",1,0,1,1,1,0,1,1
"80724",1,0,1,0,1,1,1,0
"27034",1,0,1,0,0,1,0,1
"3712",1,1,1,1,1,1,1,1
"134526",NA,NA,NA,NA,NA,NA,NA,NA
"51",1,0,0,1,0,1,1,0
"95",1,0,1,1,1,0,1,0
"50",1,1,1,1,1,1,1,1
"48",1,0,1,1,0,1,0,1
"8309",NA,NA,NA,NA,NA,NA,NA,NA
"52",0,0,0,0,0,0,0,0
"55",0,0,1,0,0,0,0,0
"788",1,1,1,1,1,1,1,1
"55902",0,1,1,1,0,0,1,0
"65985",1,0,1,0,0,1,0,1
"438",NA,NA,NA,NA,NA,NA,NA,NA
"1571",NA,NA,NA,NA,NA,NA,NA,NA
"100",1,1,1,1,1,1,1,1
"3177",NA,NA,NA,NA,NA,NA,NA,NA
"205",0,0,1,1,1,0,0,1
"204",1,1,1,1,1,1,1,1
"26289",1,1,0,0,0,0,0,0
"50808",1,1,1,1,1,1,1,1
"262",0,0,0,0,0,1,0,0
"113",0,1,1,0,1,1,0,1
"109",NA,NA,NA,NA,NA,NA,NA,NA
"115",NA,NA,NA,NA,NA,NA,NA,NA
"112",0,0,0,0,0,0,1,0
"107",NA,NA,NA,NA,NA,NA,NA,NA
"114",NA,NA,NA,NA,NA,NA,NA,NA
"55811",NA,NA,NA,NA,NA,NA,NA,NA
"196883",NA,NA,NA,NA,NA,NA,NA,NA
"111",NA,NA,NA,NA,NA,NA,NA,NA
"108",NA,NA,NA,NA,NA,NA,NA,NA
"2030",0,1,1,0,0,0,0,1
"9154",NA,NA,NA,NA,NA,NA,NA,NA
"64078",0,0,0,0,0,0,1,0
"9153",NA,NA,NA,NA,NA,NA,NA,NA
"55315",0,0,1,1,0,0,0,0
"11164",1,1,1,1,1,1,1,1
"952",0,1,1,1,1,1,0,0
"1375",NA,NA,NA,NA,NA,NA,NA,NA
"1374",0,0,1,1,0,1,0,0
"126129",NA,NA,NA,NA,NA,NA,NA,NA
"1376",1,0,0,0,0,0,1,1
"9061",1,0,0,0,0,1,0,1
"9060",0,0,0,0,1,0,1,1
"158",1,1,1,1,1,1,1,1
"10331",NA,NA,NA,NA,NA,NA,NA,NA
"374907",0,0,0,0,0,0,0,0
"10678",1,1,1,0,0,0,0,0
"79369",NA,NA,NA,NA,NA,NA,NA,NA
"11041",0,1,0,0,1,1,0,0
"93010",NA,NA,NA,NA,NA,NA,NA,NA
"79814",0,0,1,1,0,1,0,0
"56894",1,0,1,0,0,1,0,0
"10555",1,1,1,0,0,1,0,0
"137964",1,0,0,1,1,0,1,1
"56895",0,1,0,1,1,1,0,0
"55326",0,1,0,1,0,0,1,1
"129642",1,1,0,0,1,1,0,1
"64850",NA,NA,NA,NA,NA,NA,NA,NA
"64902",NA,NA,NA,NA,NA,NA,NA,NA
"189",NA,NA,NA,NA,NA,NA,NA,NA
"3074",1,0,1,1,0,1,0,1
"3073",1,0,1,0,1,1,0,0
"10606",1,1,1,1,1,1,1,1
"8402",1,1,1,1,1,1,1,1
"1468",1,0,0,0,0,1,1,0
"64849",NA,NA,NA,NA,NA,NA,NA,NA
"1645",1,0,0,0,0,0,0,0
"1109",NA,NA,NA,NA,NA,NA,NA,NA
"6718",0,1,0,0,0,0,0,0
"6510",1,1,0,0,1,0,1,1
"6509",1,1,0,0,0,1,0,1
"56301",NA,NA,NA,NA,NA,NA,NA,NA
"6520",1,1,1,1,1,1,1,1
"211",0,1,1,1,0,1,1,0
"23464",1,1,1,1,0,0,1,1
"212",NA,NA,NA,NA,NA,NA,NA,NA
"59272",NA,NA,NA,NA,NA,NA,NA,NA
"6542",NA,NA,NA,NA,NA,NA,NA,NA
"6541",0,1,1,0,1,1,0,0
"84889",NA,NA,NA,NA,NA,NA,NA,NA
"54407",0,1,0,1,0,1,1,1
"81539",1,0,0,1,0,0,1,1
"340024",NA,NA,NA,NA,NA,NA,NA,NA
"11254",NA,NA,NA,NA,NA,NA,NA,NA
"57393",NA,NA,NA,NA,NA,NA,NA,NA
"55089",NA,NA,NA,NA,NA,NA,NA,NA
"2875",NA,NA,NA,NA,NA,NA,NA,NA
"84706",0,1,0,0,0,0,0,0
"92745",1,1,1,1,0,1,1,0
"10991",NA,NA,NA,NA,NA,NA,NA,NA
"284273",0,0,1,1,1,1,0,0
"10327",1,1,1,1,1,1,1,1
"8854",0,1,0,1,1,0,0,1
"224",1,1,0,0,1,1,0,0
"223",1,1,1,1,1,1,1,1
"216",1,1,0,1,1,0,0,1
"501",1,1,1,0,0,1,1,0
"217",1,0,0,0,0,1,0,1
"219",1,1,0,0,0,1,0,1
"239",0,1,0,0,0,1,0,0
"247",0,1,1,1,1,1,0,1
"246",0,0,1,0,0,1,0,0
"231",1,1,1,1,1,1,1,1
"8574",1,1,1,1,1,1,1,1
"23600",1,1,1,0,0,1,0,1
"115286",0,1,1,1,1,0,0,0
"271",1,0,1,0,0,0,1,1
"272",0,0,0,0,0,1,0,0
"270",NA,NA,NA,NA,NA,NA,NA,NA
"290",0,0,0,1,0,0,0,1
"278",NA,NA,NA,NA,NA,NA,NA,NA
"277",0,0,0,0,0,0,0,0
"279",0,0,0,0,0,0,0,0
"280",0,0,0,0,0,0,0,0
"6519",NA,NA,NA,NA,NA,NA,NA,NA
"276",0,0,0,0,0,0,0,0
"11136",NA,NA,NA,NA,NA,NA,NA,NA
"10998",NA,NA,NA,NA,NA,NA,NA,NA
"113451",NA,NA,NA,NA,NA,NA,NA,NA
"9057",1,1,1,0,1,1,1,0
"384",0,1,0,1,0,0,1,1
"445",0,0,0,0,0,0,0,0
"83884",NA,NA,NA,NA,NA,NA,NA,NA
"10166",0,0,1,0,0,0,1,1
"410",1,0,0,0,1,0,0,1
"427",1,0,1,0,0,1,1,0
"9963",NA,NA,NA,NA,NA,NA,NA,NA
"9962",NA,NA,NA,NA,NA,NA,NA,NA
"80150",0,0,1,0,0,0,0,0
"440",1,0,0,0,0,0,1,1
"790",0,0,0,0,0,0,0,0
"6505",NA,NA,NA,NA,NA,NA,NA,NA
"6512",NA,NA,NA,NA,NA,NA,NA,NA
"6511",NA,NA,NA,NA,NA,NA,NA,NA
"6507",0,0,0,0,0,0,0,0
"6506",0,0,0,0,0,0,0,0
"9296",1,1,1,0,1,1,0,0
"51606",1,0,1,0,0,0,1,1
"533",NA,NA,NA,NA,NA,NA,NA,NA
"90423",0,1,1,0,1,0,0,0
"528",1,1,0,0,0,1,1,1
"525",NA,NA,NA,NA,NA,NA,NA,NA
"10312",0,0,1,1,1,1,0,0
"127124",NA,NA,NA,NA,NA,NA,NA,NA
"245973",NA,NA,NA,NA,NA,NA,NA,NA
"50617",NA,NA,NA,NA,NA,NA,NA,NA
"9114",1,0,1,0,1,0,0,0
"23545",1,1,1,0,1,1,0,0
"8992",NA,NA,NA,NA,NA,NA,NA,NA
"535",1,0,0,1,1,1,0,1
"527",0,1,1,1,0,0,1,0
"526",1,1,1,1,1,1,1,1
"523",1,1,1,1,1,1,1,1
"529",1,1,1,1,1,1,1,1
"9550",1,0,1,1,0,0,1,1
"51382",1,0,1,0,1,1,0,1
"245972",0,0,0,1,1,0,0,0
"957",NA,NA,NA,NA,NA,NA,NA,NA
"956",NA,NA,NA,NA,NA,NA,NA,NA
"955",NA,NA,NA,NA,NA,NA,NA,NA
"953",0,1,0,1,1,1,0,0
"954",NA,NA,NA,NA,NA,NA,NA,NA
"377841",NA,NA,NA,NA,NA,NA,NA,NA
"293",1,1,1,1,1,1,1,1
"291",1,1,1,0,1,1,1,0
"292",1,1,1,1,1,1,1,1
"4126",0,0,1,0,1,1,0,1
"8706",NA,NA,NA,NA,NA,NA,NA,NA
"10317",NA,NA,NA,NA,NA,NA,NA,NA
"84002",NA,NA,NA,NA,NA,NA,NA,NA
"3141",1,1,0,1,0,1,1,1
"140679",NA,NA,NA,NA,NA,NA,NA,NA
"8424",NA,NA,NA,NA,NA,NA,NA,NA
"53630",NA,NA,NA,NA,NA,NA,NA,NA
"635",0,0,0,0,0,0,0,0
"23743",NA,NA,NA,NA,NA,NA,NA,NA
"10599",NA,NA,NA,NA,NA,NA,NA,NA
"1244",NA,NA,NA,NA,NA,NA,NA,NA
"8714",0,1,0,0,0,0,0,0
"28234",NA,NA,NA,NA,NA,NA,NA,NA
"645",1,1,1,1,1,1,1,1
"644",1,0,1,1,1,1,1,1
"9488",0,0,1,0,0,1,1,0
"10380",1,1,1,1,1,1,1,1
"686",1,0,0,0,0,1,0,1
"8884",1,1,1,1,1,1,0,0
"80704",NA,NA,NA,NA,NA,NA,NA,NA
"51733",NA,NA,NA,NA,NA,NA,NA,NA
"7108",0,0,1,1,0,1,0,0
"50814",0,0,1,1,1,0,1,0
"3295",1,0,1,1,1,1,1,1
"6307",1,1,0,1,1,0,0,0
"493",1,0,1,0,1,1,0,1
"492",1,1,0,1,1,1,0,1
"491",NA,NA,NA,NA,NA,NA,NA,NA
"490",1,0,0,1,0,0,0,1
"847",1,1,1,1,1,1,1,1
"6543",NA,NA,NA,NA,NA,NA,NA,NA
"6547",NA,NA,NA,NA,NA,NA,NA,NA
"6546",0,0,0,0,0,0,0,0
"166785",1,1,0,0,1,0,1,1
"2538",NA,NA,NA,NA,NA,NA,NA,NA
"92579",1,1,1,0,1,1,0,1
"1373",0,0,0,0,0,0,0,0
"873",1,1,1,1,1,1,1,1
"10423",1,0,1,0,1,1,0,1
"8760",0,0,0,1,0,0,0,1
"1040",NA,NA,NA,NA,NA,NA,NA,NA
"56994",0,1,0,1,0,0,0,0
"10390",0,1,0,1,0,1,0,1
"64781",0,0,0,0,0,0,0,0
"10087",1,0,0,1,0,0,1,1
"6565",NA,NA,NA,NA,NA,NA,NA,NA
"9023",NA,NA,NA,NA,NA,NA,NA,NA
"1103",NA,NA,NA,NA,NA,NA,NA,NA
"162466",1,1,1,1,0,0,1,1
"9468",NA,NA,NA,NA,NA,NA,NA,NA
"5130",1,0,1,0,0,0,0,1
"6579",NA,NA,NA,NA,NA,NA,NA,NA
"6555",NA,NA,NA,NA,NA,NA,NA,NA
"6554",NA,NA,NA,NA,NA,NA,NA,NA
"55349",0,1,0,0,0,0,0,0
"1120",1,0,1,0,1,1,0,1
"1119",NA,NA,NA,NA,NA,NA,NA,NA
"60482",NA,NA,NA,NA,NA,NA,NA,NA
"6582",NA,NA,NA,NA,NA,NA,NA,NA
"6584",NA,NA,NA,NA,NA,NA,NA,NA
"6820",NA,NA,NA,NA,NA,NA,NA,NA
"10948",0,0,1,1,1,0,1,1
"19",0,1,0,0,1,1,0,1
"1118",1,0,1,0,0,0,1,0
"27159",NA,NA,NA,NA,NA,NA,NA,NA
"54682",NA,NA,NA,NA,NA,NA,NA,NA
"9058",NA,NA,NA,NA,NA,NA,NA,NA
"6576",1,1,1,1,1,1,1,1
"1159",0,0,1,1,0,0,0,0
"548596",0,0,1,1,0,0,0,0
"1160",NA,NA,NA,NA,NA,NA,NA,NA
"1158",0,0,0,0,1,0,0,0
"1152",1,1,1,1,0,0,1,1
"5172",NA,NA,NA,NA,NA,NA,NA,NA
"65010",NA,NA,NA,NA,NA,NA,NA,NA
"54675",NA,NA,NA,NA,NA,NA,NA,NA
"10559",1,0,0,1,0,0,1,1
"55907",1,1,1,1,1,1,1,1
"8034",0,1,1,1,1,1,0,0
"8824",NA,NA,NA,NA,NA,NA,NA,NA
"51805",0,0,1,0,0,1,0,1
"51004",0,1,0,1,0,1,0,1
"10229",0,1,0,1,1,1,0,0
"2650",1,1,0,0,0,1,1,1
"9245",NA,NA,NA,NA,NA,NA,NA,NA
"51301",0,0,1,0,1,0,0,0
"192134",NA,NA,NA,NA,NA,NA,NA,NA
"386757",NA,NA,NA,NA,NA,NA,NA,NA
"6535",NA,NA,NA,NA,NA,NA,NA,NA
"1384",0,0,1,0,1,1,0,1
"6583",0,0,0,0,0,0,0,0
"1431",1,1,1,1,1,1,1,1
"54677",1,0,1,0,1,1,0,0
"8140",1,0,1,0,0,0,1,1
"23428",NA,NA,NA,NA,NA,NA,NA,NA
"1036",NA,NA,NA,NA,NA,NA,NA,NA
"23657",0,0,0,0,0,0,0,0
"57379",0,0,0,0,0,0,0,0
"978",0,0,0,0,0,0,0,0
"7371",1,1,0,1,0,1,0,1
"83549",1,1,1,0,1,1,0,0
"51727",1,1,1,1,1,1,1,1
"129607",1,0,1,0,0,1,1,1
"160851",1,0,0,0,1,1,0,0
"8526",1,1,1,0,0,0,1,1
"1606",1,1,1,1,1,1,1,1
"8527",0,0,0,0,0,0,0,0
"1607",1,1,0,0,0,1,0,0
"1608",0,0,0,0,0,0,0,0
"1609",1,1,1,0,0,0,1,0
"8525",1,0,0,0,0,1,0,0
"9162",NA,NA,NA,NA,NA,NA,NA,NA
"1610",NA,NA,NA,NA,NA,NA,NA,NA
"51022",NA,NA,NA,NA,NA,NA,NA,NA
"2745",1,1,1,1,1,1,1,1
"8528",NA,NA,NA,NA,NA,NA,NA,NA
"10455",1,0,1,0,1,1,0,0
"1632",1,1,1,1,1,1,1,1
"1633",1,1,1,1,1,1,1,1
"1638",NA,NA,NA,NA,NA,NA,NA,NA
"6319",1,0,0,0,0,0,1,1
"9415",0,0,1,0,1,0,1,0
"3992",1,1,0,0,1,0,1,0
"8694",1,1,0,1,0,1,0,0
"84649",0,0,0,0,0,0,0,0
"1716",1,0,1,0,1,1,0,0
"6513",1,1,0,0,1,1,0,1
"6517",NA,NA,NA,NA,NA,NA,NA,NA
"6515",1,0,1,0,0,0,1,1
"1718",1,1,1,1,0,0,1,0
"1581",NA,NA,NA,NA,NA,NA,NA,NA
"1717",1,0,0,1,1,0,0,0
"8560",1,0,1,0,1,0,1,0
"123099",NA,NA,NA,NA,NA,NA,NA,NA
"11309",0,0,0,0,0,0,0,0
"6783",0,1,1,0,0,0,0,0
"1723",0,1,1,0,1,1,1,0
"1809",NA,NA,NA,NA,NA,NA,NA,NA
"1808",1,1,1,1,1,1,1,1
"1807",NA,NA,NA,NA,NA,NA,NA,NA
"23539",NA,NA,NA,NA,NA,NA,NA,NA
"2224",1,1,1,1,1,1,1,1
"29958",NA,NA,NA,NA,NA,NA,NA,NA
"60386",1,1,1,0,0,0,1,0
"84920",1,0,1,1,1,1,0,0
"79087",1,0,0,1,1,1,0,1
"26002",NA,NA,NA,NA,NA,NA,NA,NA
"1621",0,0,0,0,0,0,0,0
"7299",NA,NA,NA,NA,NA,NA,NA,NA
"6530",NA,NA,NA,NA,NA,NA,NA,NA
"6581",NA,NA,NA,NA,NA,NA,NA,NA
"669",0,0,1,1,0,1,1,1
"5224",NA,NA,NA,NA,NA,NA,NA,NA
"5223",1,1,1,1,1,1,1,1
"4597",1,0,1,0,0,0,0,1
"51071",1,0,1,0,0,1,1,1
"1806",1,0,1,0,0,1,0,1
"7083",1,0,0,1,1,1,1,0
"7084",1,1,0,0,0,0,0,0
"1854",1,1,1,1,1,1,1,1
"3704",1,1,1,1,1,1,1,1
"10682",1,1,1,1,1,1,1,1
"1892",1,1,1,1,1,1,1,1
"549",1,0,1,0,1,1,1,0
"1962",0,1,0,1,0,0,1,1
"1891",0,0,0,0,0,0,0,0
"11001",0,1,0,1,1,0,1,0
"28231",NA,NA,NA,NA,NA,NA,NA,NA
"53919",NA,NA,NA,NA,NA,NA,NA,NA
"10257",0,1,1,1,1,1,0,0
"28232",NA,NA,NA,NA,NA,NA,NA,NA
"2109",1,1,1,1,1,1,1,1
"2108",0,0,0,0,0,0,0,0
"2110",0,1,1,1,1,1,0,0
"55500",1,0,1,1,1,1,0,0
"55224",NA,NA,NA,NA,NA,NA,NA,NA
"8790",1,0,0,0,0,1,0,0
"51086",NA,NA,NA,NA,NA,NA,NA,NA
"2181",0,1,0,0,0,1,1,0
"2180",0,1,0,0,0,0,1,1
"2182",1,0,1,0,1,1,0,0
"81616",NA,NA,NA,NA,NA,NA,NA,NA
"51703",1,1,1,0,1,1,0,1
"23305",0,1,0,1,1,1,0,1
"116285",NA,NA,NA,NA,NA,NA,NA,NA
"5167",0,0,0,0,1,0,0,0
"5169",0,0,0,0,0,0,0,0
"6785",NA,NA,NA,NA,NA,NA,NA,NA
"60481",1,1,1,0,0,0,1,1
"54898",NA,NA,NA,NA,NA,NA,NA,NA
"79071",NA,NA,NA,NA,NA,NA,NA,NA
"1579",NA,NA,NA,NA,NA,NA,NA,NA
"2194",1,1,1,1,1,1,1,1
"10999",1,1,1,0,1,1,0,0
"376497",1,1,1,0,1,1,1,0
"230",1,1,1,1,1,1,1,1
"226",0,0,0,0,0,0,0,0
"229",0,0,0,0,0,0,1,0
"5208",1,0,1,0,0,0,0,1
"5207",NA,NA,NA,NA,NA,NA,NA,NA
"2203",1,0,1,0,1,1,0,1
"5210",0,0,0,0,0,0,0,0
"5209",1,1,0,1,0,0,1,1
"8789",1,0,0,1,0,0,0,0
"2235",0,0,0,0,0,0,0,0
"10840",NA,NA,NA,NA,NA,NA,NA,NA
"79901",0,1,1,0,0,1,0,0
"197258",1,0,1,0,1,1,1,0
"125061",0,0,0,1,0,1,1,0
"1719",0,0,0,1,0,1,0,0
"2356",1,0,1,1,0,1,0,0
"155184",NA,NA,NA,NA,NA,NA,NA,NA
"29988",0,0,0,0,0,0,0,0
"66035",NA,NA,NA,NA,NA,NA,NA,NA
"6518",0,0,0,0,0,0,0,0
"6514",NA,NA,NA,NA,NA,NA,NA,NA
"160428",NA,NA,NA,NA,NA,NA,NA,NA
"25902",1,0,1,0,0,0,1,1
"4522",0,1,0,0,0,0,0,0
"2519",1,0,1,0,0,1,1,0
"2517",1,0,1,0,0,1,1,1
"2184",1,0,1,1,0,0,1,0
"2271",1,1,1,1,1,1,1,1
"2523",NA,NA,NA,NA,NA,NA,NA,NA
"2525",NA,NA,NA,NA,NA,NA,NA,NA
"10690",NA,NA,NA,NA,NA,NA,NA,NA
"2683",0,0,1,0,1,1,1,0
"9334",0,1,1,0,1,1,0,0
"8704",NA,NA,NA,NA,NA,NA,NA,NA
"8703",0,0,1,1,0,1,1,0
"2820",0,0,1,1,1,1,1,0
"5832",1,1,1,1,1,1,1,1
"9563",0,0,1,1,1,1,0,0
"2539",0,1,1,1,1,0,0,1
"2542",0,0,0,0,0,0,0,0
"2593",1,0,1,0,0,1,0,0
"9514",NA,NA,NA,NA,NA,NA,NA,NA
"5476",1,0,1,0,0,1,0,0
"2720",1,0,1,0,0,1,0,0
"2588",1,0,0,1,1,0,1,0
"2581",1,0,1,1,1,0,1,1
"2583",NA,NA,NA,NA,NA,NA,NA,NA
"55454",1,1,1,0,1,1,0,1
"55790",1,0,0,1,0,0,0,0
"79586",0,1,0,0,0,0,1,1
"337876",NA,NA,NA,NA,NA,NA,NA,NA
"22856",0,0,1,1,0,1,1,1
"63917",NA,NA,NA,NA,NA,NA,NA,NA
"11226",0,0,0,1,0,0,1,0
"55568",0,1,1,0,0,0,1,1
"2589",0,1,1,0,1,1,0,0
"51809",1,1,0,0,0,1,0,0
"8693",0,1,1,1,0,0,1,1
"2591",0,0,1,0,1,1,0,0
"117248",NA,NA,NA,NA,NA,NA,NA,NA
"26290",NA,NA,NA,NA,NA,NA,NA,NA
"114805",NA,NA,NA,NA,NA,NA,NA,NA
"79695",NA,NA,NA,NA,NA,NA,NA,NA
"50614",NA,NA,NA,NA,NA,NA,NA,NA
"79623",NA,NA,NA,NA,NA,NA,NA,NA
"2590",1,0,1,1,0,1,0,1
"11227",NA,NA,NA,NA,NA,NA,NA,NA
"81031",NA,NA,NA,NA,NA,NA,NA,NA
"126792",0,1,0,1,0,0,1,1
"11285",1,0,1,0,1,1,0,0
"8972",0,1,0,1,1,1,0,0
"175",0,0,1,0,1,1,1,1
"26301",NA,NA,NA,NA,NA,NA,NA,NA
"4329",1,1,1,1,1,1,1,1
"7915",1,1,0,0,0,0,0,1
"2731",0,0,0,0,1,1,0,0
"275",0,1,1,0,0,1,0,1
"2653",1,0,1,1,1,1,0,0
"2651",NA,NA,NA,NA,NA,NA,NA,NA
"55343",NA,NA,NA,NA,NA,NA,NA,NA
"8836",1,0,1,1,1,1,1,0
"79017",1,0,0,1,0,1,0,1
"8908",NA,NA,NA,NA,NA,NA,NA,NA
"2992",1,1,1,0,1,1,0,1
"2997",1,0,1,0,1,0,1,1
"2998",NA,NA,NA,NA,NA,NA,NA,NA
"2687",NA,NA,NA,NA,NA,NA,NA,NA
"6472",1,1,1,1,1,1,1,1
"6470",1,0,1,0,0,1,1,0
"2717",1,0,0,1,1,1,0,1
"2632",1,0,1,1,1,1,0,0
"2990",0,1,0,1,1,1,1,0
"8372",0,1,0,0,1,0,1,1
"26035",0,0,1,1,0,0,0,0
"54480",1,0,0,1,1,0,1,1
"2131",0,0,0,0,0,0,0,0
"2132",0,0,1,0,0,0,0,0
"27087",NA,NA,NA,NA,NA,NA,NA,NA
"26229",0,1,1,0,1,0,1,0
"135152",NA,NA,NA,NA,NA,NA,NA,NA
"4669",0,1,1,0,0,0,1,1
"64579",NA,NA,NA,NA,NA,NA,NA,NA
"9348",NA,NA,NA,NA,NA,NA,NA,NA
"8509",1,1,0,1,0,0,1,1
"3340",1,0,0,0,0,1,1,1
"2137",NA,NA,NA,NA,NA,NA,NA,NA
"2135",0,1,1,1,0,0,0,0
"2134",NA,NA,NA,NA,NA,NA,NA,NA
"144195",NA,NA,NA,NA,NA,NA,NA,NA
"154091",NA,NA,NA,NA,NA,NA,NA,NA
"11182",0,0,0,0,1,1,0,0
"56606",0,0,0,0,0,0,0,0
"6523",NA,NA,NA,NA,NA,NA,NA,NA
"178",1,0,1,0,0,1,0,1
"5837",NA,NA,NA,NA,NA,NA,NA,NA
"5834",1,1,1,1,1,1,1,1
"5836",0,0,0,0,0,0,0,1
"2729",1,0,1,0,0,0,1,1
"2730",1,1,1,1,1,1,1,1
"2746",1,1,1,1,1,1,1,1
"2747",1,1,1,1,1,1,1,1
"10841",NA,NA,NA,NA,NA,NA,NA,NA
"27165",NA,NA,NA,NA,NA,NA,NA,NA
"2744",1,1,1,1,1,1,1,1
"79751",1,1,1,0,1,1,1,1
"83733",NA,NA,NA,NA,NA,NA,NA,NA
"2639",1,0,1,0,1,1,0,1
"57084",NA,NA,NA,NA,NA,NA,NA,NA
"57030",NA,NA,NA,NA,NA,NA,NA,NA
"246213",NA,NA,NA,NA,NA,NA,NA,NA
"51179",NA,NA,NA,NA,NA,NA,NA,NA
"54363",NA,NA,NA,NA,NA,NA,NA,NA
"2628",0,0,0,1,1,0,0,1
"9380",1,1,1,1,1,1,1,1
"2712",1,0,0,1,0,0,0,0
"2713",NA,NA,NA,NA,NA,NA,NA,NA
"2710",1,0,0,0,0,1,0,0
"3029",0,0,0,0,0,0,0,0
"6536",NA,NA,NA,NA,NA,NA,NA,NA
"5226",1,1,1,1,1,1,1,1
"27232",NA,NA,NA,NA,NA,NA,NA,NA
"57678",NA,NA,NA,NA,NA,NA,NA,NA
"80055",NA,NA,NA,NA,NA,NA,NA,NA
"54965",1,0,1,0,0,1,0,0
"93183",0,0,0,0,0,0,0,0
"2936",0,0,0,0,0,0,0,0
"2876",1,1,1,1,1,1,1,1
"7001",1,1,1,1,1,1,1,1
"5052",1,1,1,1,1,1,1,1
"2879",1,1,1,1,1,1,1,1
"2877",NA,NA,NA,NA,NA,NA,NA,NA
"257202",NA,NA,NA,NA,NA,NA,NA,NA
"2878",0,1,1,0,0,0,1,1
"2882",1,0,1,0,1,1,0,1
"10935",1,1,1,1,1,1,1,1
"2937",1,0,1,1,1,1,1,1
"2678",1,0,1,0,1,1,0,0
"2679",NA,NA,NA,NA,NA,NA,NA,NA
"2983",0,1,0,0,0,0,1,0
"4881",NA,NA,NA,NA,NA,NA,NA,NA
"3000",0,1,0,0,0,0,0,0
"2974",NA,NA,NA,NA,NA,NA,NA,NA
"4882",NA,NA,NA,NA,NA,NA,NA,NA
"2986",NA,NA,NA,NA,NA,NA,NA,NA
"2982",1,0,0,0,1,1,0,0
"2984",NA,NA,NA,NA,NA,NA,NA,NA
"2977",NA,NA,NA,NA,NA,NA,NA,NA
"9615",NA,NA,NA,NA,NA,NA,NA,NA
"763",NA,NA,NA,NA,NA,NA,NA,NA
"11238",1,0,1,1,0,1,0,1
"23556",1,1,1,0,1,0,1,0
"55650",NA,NA,NA,NA,NA,NA,NA,NA
"53905",NA,NA,NA,NA,NA,NA,NA,NA
"50506",NA,NA,NA,NA,NA,NA,NA,NA
"343",NA,NA,NA,NA,NA,NA,NA,NA
"5281",NA,NA,NA,NA,NA,NA,NA,NA
"84720",1,1,1,0,1,1,1,0
"54872",0,1,1,0,0,1,1,0
"80235",NA,NA,NA,NA,NA,NA,NA,NA
"128869",1,1,0,0,1,1,0,0
"10026",0,1,1,0,1,0,1,0
"51604",1,1,0,0,1,0,0,1
"94005",0,0,0,1,1,1,1,0
"8733",1,0,0,0,0,1,1,0
"3028",1,1,1,1,1,1,1,1
"3033",1,1,1,1,1,1,1,1
"3037",NA,NA,NA,NA,NA,NA,NA,NA
"3038",NA,NA,NA,NA,NA,NA,NA,NA
"3036",NA,NA,NA,NA,NA,NA,NA,NA
"27235",NA,NA,NA,NA,NA,NA,NA,NA
"6522",0,0,1,1,0,0,1,1
"83697",NA,NA,NA,NA,NA,NA,NA,NA
"6521",1,1,0,1,0,0,1,1
"6508",NA,NA,NA,NA,NA,NA,NA,NA
"2645",NA,NA,NA,NA,NA,NA,NA,NA
"3098",1,1,1,1,1,1,1,1
"3099",1,0,0,1,0,1,1,0
"80201",NA,NA,NA,NA,NA,NA,NA,NA
"3101",0,0,0,1,0,0,0,0
"3081",0,1,0,0,0,0,0,0
"11112",1,1,1,1,1,1,1,1
"3067",0,0,0,0,0,0,0,0
"496",NA,NA,NA,NA,NA,NA,NA,NA
"495",0,0,0,0,0,0,0,0
"8942",1,0,1,0,0,0,1,1
"3157",0,0,1,1,0,1,0,1
"3158",NA,NA,NA,NA,NA,NA,NA,NA
"54511",NA,NA,NA,NA,NA,NA,NA,NA
"3155",1,1,1,1,1,1,1,1
"3162",1,0,1,1,0,0,1,1
"26062",NA,NA,NA,NA,NA,NA,NA,NA
"197257",0,0,0,0,0,0,0,0
"6448",1,0,1,1,0,1,1,1
"3290",0,0,0,0,0,0,0,1
"3291",NA,NA,NA,NA,NA,NA,NA,NA
"3292",NA,NA,NA,NA,NA,NA,NA,NA
"3294",NA,NA,NA,NA,NA,NA,NA,NA
"51478",0,0,1,0,1,0,0,0
"3283",NA,NA,NA,NA,NA,NA,NA,NA
"3284",NA,NA,NA,NA,NA,NA,NA,NA
"80270",0,0,0,0,0,1,0,0
"57026",1,0,1,0,0,0,1,1
"3419",1,1,1,1,1,1,1,1
"3421",1,0,1,1,1,0,1,1
"3420",1,1,1,1,1,1,1,1
"3417",1,0,1,0,0,0,1,1
"3418",1,1,1,1,1,1,1,1
"7173",NA,NA,NA,NA,NA,NA,NA,NA
"3425",1,0,1,0,1,1,0,0
"587",1,1,1,1,1,1,1,1
"8501",NA,NA,NA,NA,NA,NA,NA,NA
"55586",NA,NA,NA,NA,NA,NA,NA,NA
"114134",0,0,0,0,0,0,0,0
"6526",1,1,1,1,1,1,0,0
"3422",1,0,0,1,0,0,1,1
"91734",NA,NA,NA,NA,NA,NA,NA,NA
"160728",NA,NA,NA,NA,NA,NA,NA,NA
"8801",1,1,1,1,1,1,1,1
"8802",1,1,1,1,1,1,1,1
"8803",1,1,1,1,1,1,1,1
"9990",0,1,1,0,0,0,1,1
"6560",0,1,0,1,1,1,0,0
"57468",NA,NA,NA,NA,NA,NA,NA,NA
"3795",0,0,0,0,0,1,0,0
"84679",0,1,1,0,1,1,0,1
"23315",NA,NA,NA,NA,NA,NA,NA,NA
"8564",0,0,1,1,0,0,1,1
"3938",NA,NA,NA,NA,NA,NA,NA,NA
"53",1,0,1,0,1,0,0,0
"3931",0,1,1,1,0,0,0,0
"387775",NA,NA,NA,NA,NA,NA,NA,NA
"124637",NA,NA,NA,NA,NA,NA,NA,NA
"366",0,0,0,0,0,0,0,0
"11283",0,0,0,0,0,0,0,0
"4047",1,0,1,1,1,1,0,0
"1178",1,1,0,0,0,1,1,1
"5321",0,1,0,1,0,1,0,1
"29124",NA,NA,NA,NA,NA,NA,NA,NA
"51268",NA,NA,NA,NA,NA,NA,NA,NA
"4023",0,0,0,0,0,1,0,0
"1056",NA,NA,NA,NA,NA,NA,NA,NA
"3990",NA,NA,NA,NA,NA,NA,NA,NA
"80339",NA,NA,NA,NA,NA,NA,NA,NA
"11343",0,1,1,1,0,1,1,1
"50487",NA,NA,NA,NA,NA,NA,NA,NA
"9227",0,0,0,0,1,1,1,0
"6309",NA,NA,NA,NA,NA,NA,NA,NA
"4048",1,1,1,1,1,1,1,1
"4258",1,0,0,1,1,1,0,0
"4259",1,1,1,1,1,1,1,1
"4056",1,0,0,0,0,0,0,0
"2954",1,0,0,0,1,1,1,0
"2548",0,1,0,1,0,1,0,1
"56922",1,0,1,0,0,1,0,1
"64087",1,1,1,1,1,1,1,1
"23417",1,0,0,1,0,0,1,1
"4357",0,0,1,1,0,1,1,0
"4190",1,0,0,1,0,0,0,0
"4191",1,1,1,1,1,1,1,1
"4200",1,1,1,1,1,1,1,1
"4199",0,1,1,0,1,1,0,0
"10873",0,0,1,0,0,0,0,0
"3620",0,0,0,0,0,0,0,0
"1545",1,0,0,1,0,1,0,1
"1543",0,0,0,0,0,0,0,0
"1557",NA,NA,NA,NA,NA,NA,NA,NA
"1544",NA,NA,NA,NA,NA,NA,NA,NA
"27430",1,1,1,1,1,1,1,1
"4144",1,1,1,1,1,1,1,1
"4143",0,0,0,0,0,0,0,0
"4548",1,0,1,0,1,1,0,0
"4598",1,0,1,0,0,1,0,1
"8867",1,0,1,0,1,1,0,0
"3635",1,1,1,1,1,1,1,1
"3632",0,0,1,0,1,0,1,1
"3636",1,0,1,0,0,0,1,1
"27124",NA,NA,NA,NA,NA,NA,NA,NA
"3633",1,0,1,0,1,0,1,0
"56623",NA,NA,NA,NA,NA,NA,NA,NA
"3628",1,0,1,0,0,0,1,1
"3706",NA,NA,NA,NA,NA,NA,NA,NA
"3707",1,0,1,1,1,1,0,0
"80271",0,1,0,0,0,0,0,0
"51477",1,0,0,0,0,1,0,1
"8821",0,0,0,0,0,0,0,0
"3631",1,0,1,0,1,1,0,0
"2595",1,0,0,1,0,0,0,0
"84693",0,1,1,1,1,1,1,0
"4594",1,0,1,1,1,0,0,0
"80168",NA,NA,NA,NA,NA,NA,NA,NA
"116255",NA,NA,NA,NA,NA,NA,NA,NA
"4507",1,1,1,1,1,1,1,1
"10797",0,0,1,1,1,0,0,1
"56913",0,1,1,0,1,1,1,0
"91703",0,0,0,1,0,0,0,0
"443",NA,NA,NA,NA,NA,NA,NA,NA
"4668",1,0,1,1,0,1,0,0
"9498",NA,NA,NA,NA,NA,NA,NA,NA
"57282",0,0,0,0,1,0,0,0
"6528",NA,NA,NA,NA,NA,NA,NA,NA
"482",NA,NA,NA,NA,NA,NA,NA,NA
"476",1,1,1,1,1,1,1,1
"480",NA,NA,NA,NA,NA,NA,NA,NA
"483",1,1,1,1,1,1,1,1
"23439",NA,NA,NA,NA,NA,NA,NA,NA
"477",0,1,1,1,0,0,1,1
"481",0,1,1,1,1,0,0,0
"478",0,0,0,0,0,0,0,0
"6549",NA,NA,NA,NA,NA,NA,NA,NA
"6550",NA,NA,NA,NA,NA,NA,NA,NA
"6548",0,1,1,1,1,1,0,0
"84735",1,1,0,0,0,0,0,0
"55748",1,1,1,1,1,1,1,1
"6559",NA,NA,NA,NA,NA,NA,NA,NA
"57419",NA,NA,NA,NA,NA,NA,NA,NA
"123041",NA,NA,NA,NA,NA,NA,NA,NA
"9187",NA,NA,NA,NA,NA,NA,NA,NA
"25769",NA,NA,NA,NA,NA,NA,NA,NA
"124583",1,1,1,0,0,1,0,1
"79077",1,0,1,1,0,1,1,1
"9583",1,1,0,1,0,0,0,0
"1841",1,1,1,1,1,1,1,1
"4832",1,0,1,0,0,0,0,0
"4830",0,1,1,1,1,0,1,1
"29922",1,0,0,1,0,0,0,1
"10201",1,0,1,0,0,1,0,1
"4831",1,1,1,1,1,1,1,1
"4833",0,0,1,0,1,1,0,0
"57127",NA,NA,NA,NA,NA,NA,NA,NA
"6005",0,0,0,0,0,0,0,0
"6557",NA,NA,NA,NA,NA,NA,NA,NA
"6558",1,0,0,0,0,1,1,0
"349565",0,1,1,1,1,1,1,1
"64802",1,0,1,1,1,1,1,0
"23057",NA,NA,NA,NA,NA,NA,NA,NA
"10135",1,1,1,1,1,1,1,1
"4837",NA,NA,NA,NA,NA,NA,NA,NA
"5409",NA,NA,NA,NA,NA,NA,NA,NA
"4843",NA,NA,NA,NA,NA,NA,NA,NA
"4846",NA,NA,NA,NA,NA,NA,NA,NA
"4842",NA,NA,NA,NA,NA,NA,NA,NA
"4860",1,1,1,1,1,1,1,1
"6580",NA,NA,NA,NA,NA,NA,NA,NA
"55808",NA,NA,NA,NA,NA,NA,NA,NA
"30833",1,0,1,1,1,1,1,1
"5251",0,1,0,1,1,0,0,0
"56953",NA,NA,NA,NA,NA,NA,NA,NA
"4907",0,1,1,0,1,0,0,1
"6476",NA,NA,NA,NA,NA,NA,NA,NA
"5009",NA,NA,NA,NA,NA,NA,NA,NA
"5019",1,1,1,1,1,1,1,1
"64064",NA,NA,NA,NA,NA,NA,NA,NA
"1629",1,0,1,0,1,1,0,1
"594",1,0,1,1,1,1,0,0
"593",0,0,1,1,1,1,1,0
"26873",1,1,1,0,0,0,0,0
"4942",1,0,0,1,1,1,0,0
"7372",1,1,1,1,1,1,1,1
"10861",NA,NA,NA,NA,NA,NA,NA,NA
"1811",NA,NA,NA,NA,NA,NA,NA,NA
"1836",0,0,1,1,1,1,1,0
"1583",0,0,0,0,0,0,0,0
"1584",NA,NA,NA,NA,NA,NA,NA,NA
"1585",NA,NA,NA,NA,NA,NA,NA,NA
"1586",NA,NA,NA,NA,NA,NA,NA,NA
"1588",NA,NA,NA,NA,NA,NA,NA,NA
"1576",NA,NA,NA,NA,NA,NA,NA,NA
"1593",0,0,0,0,0,0,1,0
"1548",NA,NA,NA,NA,NA,NA,NA,NA
"1553",NA,NA,NA,NA,NA,NA,NA,NA
"1562",NA,NA,NA,NA,NA,NA,NA,NA
"1558",NA,NA,NA,NA,NA,NA,NA,NA
"1559",NA,NA,NA,NA,NA,NA,NA,NA
"1565",0,0,0,0,0,1,1,1
"1572",NA,NA,NA,NA,NA,NA,NA,NA
"51302",NA,NA,NA,NA,NA,NA,NA,NA
"64816",NA,NA,NA,NA,NA,NA,NA,NA
"1577",NA,NA,NA,NA,NA,NA,NA,NA
"1551",NA,NA,NA,NA,NA,NA,NA,NA
"10858",NA,NA,NA,NA,NA,NA,NA,NA
"66002",0,0,0,0,0,0,0,0
"8529",NA,NA,NA,NA,NA,NA,NA,NA
"4051",0,1,0,1,0,0,0,0
"9420",0,0,1,0,0,0,0,0
"1582",NA,NA,NA,NA,NA,NA,NA,NA
"5831",0,1,0,1,1,0,1,1
"5050",1,1,1,1,1,1,1,1
"5051",1,1,1,0,0,1,1,1
"5049",1,1,1,1,1,1,1,1
"5048",1,1,1,1,1,1,1,1
"7941",0,0,0,0,0,0,0,0
"347734",0,1,1,0,1,0,1,0
"57194",NA,NA,NA,NA,NA,NA,NA,NA
"5337",0,1,1,0,0,0,0,1
"5338",1,0,1,1,1,0,0,0
"130013",NA,NA,NA,NA,NA,NA,NA,NA
"5091",0,0,1,1,0,1,0,1
"5244",NA,NA,NA,NA,NA,NA,NA,NA
"5136",NA,NA,NA,NA,NA,NA,NA,NA
"5142",NA,NA,NA,NA,NA,NA,NA,NA
"5137",1,0,1,0,0,0,0,0
"5151",NA,NA,NA,NA,NA,NA,NA,NA
"50940",NA,NA,NA,NA,NA,NA,NA,NA
"5139",0,0,0,0,1,0,0,1
"5140",0,0,1,1,1,1,0,1
"27115",NA,NA,NA,NA,NA,NA,NA,NA
"5144",1,0,0,0,1,1,0,0
"5153",NA,NA,NA,NA,NA,NA,NA,NA
"5150",0,0,0,1,1,0,0,1
"5138",0,0,0,0,0,0,0,0
"8622",NA,NA,NA,NA,NA,NA,NA,NA
"5141",0,0,0,0,0,1,1,0
"5143",NA,NA,NA,NA,NA,NA,NA,NA
"10846",NA,NA,NA,NA,NA,NA,NA,NA
"5152",NA,NA,NA,NA,NA,NA,NA,NA
"5148",NA,NA,NA,NA,NA,NA,NA,NA
"8654",0,0,0,1,0,1,0,0
"5145",NA,NA,NA,NA,NA,NA,NA,NA
"5147",1,0,0,0,1,1,0,0
"5146",NA,NA,NA,NA,NA,NA,NA,NA
"5158",NA,NA,NA,NA,NA,NA,NA,NA
"5149",1,1,1,1,1,1,1,1
"1737",1,1,1,1,1,1,1,1
"5162",1,1,1,1,1,1,1,1
"5160",1,1,1,1,1,1,1,1
"5161",NA,NA,NA,NA,NA,NA,NA,NA
"55163",0,0,1,1,0,0,1,1
"10396",0,1,1,0,1,1,0,1
"5105",NA,NA,NA,NA,NA,NA,NA,NA
"5106",0,1,0,0,0,0,0,0
"8310",1,0,1,0,1,1,0,0
"5833",1,0,1,0,0,0,1,1
"10400",NA,NA,NA,NA,NA,NA,NA,NA
"26227",1,1,1,1,0,1,1,1
"5730",0,0,0,0,0,1,0,0
"27306",1,1,0,1,1,1,0,0
"9536",0,0,0,0,0,0,0,0
"80142",0,0,1,0,0,0,1,0
"5740",0,0,0,0,0,0,1,0
"114971",1,1,0,0,0,0,0,1
"9489",1,0,1,1,1,1,0,0
"5743",0,0,0,0,0,0,1,0
"5742",0,0,1,0,0,0,0,0
"6898",NA,NA,NA,NA,NA,NA,NA,NA
"5053",NA,NA,NA,NA,NA,NA,NA,NA
"5264",NA,NA,NA,NA,NA,NA,NA,NA
"5728",1,0,0,1,0,0,1,0
"8871",1,0,1,0,1,1,0,0
"8395",0,0,0,0,0,0,0,0
"8394",1,1,1,0,0,1,1,0
"23396",0,1,1,0,1,0,1,0
"5297",1,1,1,0,1,1,0,0
"55361",0,1,1,0,1,0,0,1
"5298",0,0,0,1,1,0,0,1
"5295",1,0,1,0,0,0,1,1
"23533",1,0,1,0,0,0,1,1
"5290",1,1,0,1,0,1,1,0
"5293",1,0,1,0,0,1,0,1
"5296",NA,NA,NA,NA,NA,NA,NA,NA
"8503",NA,NA,NA,NA,NA,NA,NA,NA
"5291",1,0,1,0,1,0,1,1
"5294",1,0,1,0,1,1,0,0
"10870",0,1,0,0,0,0,0,0
"4952",0,0,0,0,0,0,0,0
"23236",0,0,0,0,0,0,0,0
"5336",1,1,0,0,1,1,1,0
"5335",0,0,0,0,0,0,1,0
"5334",1,0,1,0,0,0,0,1
"5331",1,1,0,0,1,1,0,0
"257068",NA,NA,NA,NA,NA,NA,NA,NA
"84812",NA,NA,NA,NA,NA,NA,NA,NA
"5330",0,0,0,0,0,0,0,0
"23007",NA,NA,NA,NA,NA,NA,NA,NA
"51196",NA,NA,NA,NA,NA,NA,NA,NA
"5332",0,0,0,0,0,1,0,0
"113026",NA,NA,NA,NA,NA,NA,NA,NA
"5333",1,0,1,1,0,1,0,0
"89869",1,0,0,1,0,0,0,0
"5288",NA,NA,NA,NA,NA,NA,NA,NA
"5286",0,0,0,1,0,0,1,1
"5287",1,0,1,1,1,0,1,1
"200576",1,1,0,0,0,1,0,1
"5305",1,1,1,1,1,1,1,1
"79837",1,1,0,0,0,1,1,1
"5289",0,1,0,1,0,0,0,0
"5277",NA,NA,NA,NA,NA,NA,NA,NA
"51227",NA,NA,NA,NA,NA,NA,NA,NA
"8818",NA,NA,NA,NA,NA,NA,NA,NA
"9091",0,0,1,0,0,0,0,1
"5279",NA,NA,NA,NA,NA,NA,NA,NA
"5283",NA,NA,NA,NA,NA,NA,NA,NA
"123745",NA,NA,NA,NA,NA,NA,NA,NA
"8398",1,1,1,0,0,0,0,0
"64600",NA,NA,NA,NA,NA,NA,NA,NA
"81579",NA,NA,NA,NA,NA,NA,NA,NA
"100137049",NA,NA,NA,NA,NA,NA,NA,NA
"5322",NA,NA,NA,NA,NA,NA,NA,NA
"5320",NA,NA,NA,NA,NA,NA,NA,NA
"30814",NA,NA,NA,NA,NA,NA,NA,NA
"26279",0,0,0,0,0,0,0,0
"5319",NA,NA,NA,NA,NA,NA,NA,NA
"10654",1,1,1,1,1,1,1,1
"117283",NA,NA,NA,NA,NA,NA,NA,NA
"9807",1,0,1,1,0,1,0,1
"51447",NA,NA,NA,NA,NA,NA,NA,NA
"8876",1,1,0,0,0,1,0,1
"8875",1,0,0,1,0,0,0,1
"55350",NA,NA,NA,NA,NA,NA,NA,NA
"27068",1,1,1,1,1,1,1,1
"8613",NA,NA,NA,NA,NA,NA,NA,NA
"8611",0,0,0,0,1,1,0,0
"8612",NA,NA,NA,NA,NA,NA,NA,NA
"5498",0,1,1,0,1,1,0,0
"8288",0,0,0,0,0,0,0,0
"9588",1,1,1,1,1,1,1,1
"4353",0,0,0,0,0,0,0,0
"5625",NA,NA,NA,NA,NA,NA,NA,NA
"6578",NA,NA,NA,NA,NA,NA,NA,NA
"23761",0,0,1,1,1,0,1,0
"9791",0,0,1,1,1,1,0,0
"81490",0,0,0,0,1,1,1,0
"10005",1,1,0,0,1,1,1,0
"10965",1,0,1,1,0,0,1,0
"122970",NA,NA,NA,NA,NA,NA,NA,NA
"5805",NA,NA,NA,NA,NA,NA,NA,NA
"6303",NA,NA,NA,NA,NA,NA,NA,NA
"112483",0,1,0,0,1,0,0,0
"8566",1,1,1,1,1,1,1,1
"151531",NA,NA,NA,NA,NA,NA,NA,NA
"7378",0,0,1,1,1,0,0,1
"2944",1,1,0,0,0,0,1,1
"64080",1,0,1,0,1,0,0,0
"5959",NA,NA,NA,NA,NA,NA,NA,NA
"8608",NA,NA,NA,NA,NA,NA,NA,NA
"112724",0,1,1,0,0,1,1,0
"157506",1,1,1,0,0,1,1,0
"51109",1,1,1,1,1,1,1,1
"57665",1,1,0,0,1,1,0,1
"195814",NA,NA,NA,NA,NA,NA,NA,NA
"145226",NA,NA,NA,NA,NA,NA,NA,NA
"50700",NA,NA,NA,NA,NA,NA,NA,NA
"8228",0,0,0,1,1,0,1,0
"113278",NA,NA,NA,NA,NA,NA,NA,NA
"54981",1,0,1,0,0,0,0,1
"6482",0,0,1,0,0,0,0,1
"6484",1,1,0,1,0,0,0,0
"6483",0,0,0,0,0,0,0,1
"10090",NA,NA,NA,NA,NA,NA,NA,NA
"9653",0,0,1,1,1,1,0,0
"3423",0,0,1,1,1,0,0,0
"222537",NA,NA,NA,NA,NA,NA,NA,NA
"9957",NA,NA,NA,NA,NA,NA,NA,NA
"9951",NA,NA,NA,NA,NA,NA,NA,NA
"9956",NA,NA,NA,NA,NA,NA,NA,NA
"9955",NA,NA,NA,NA,NA,NA,NA,NA
"9953",NA,NA,NA,NA,NA,NA,NA,NA
"55501",0,0,0,1,0,0,0,0
"113189",1,1,1,0,0,0,0,0
"50515",1,0,0,0,0,1,0,1
"166012",NA,NA,NA,NA,NA,NA,NA,NA
"411",1,0,1,0,1,0,0,1
"23563",NA,NA,NA,NA,NA,NA,NA,NA
"4166",NA,NA,NA,NA,NA,NA,NA,NA
"10164",NA,NA,NA,NA,NA,NA,NA,NA
"9435",0,0,0,0,0,0,0,0
"8534",NA,NA,NA,NA,NA,NA,NA,NA
"9469",NA,NA,NA,NA,NA,NA,NA,NA
"56548",0,0,0,0,0,0,0,0
"266722",NA,NA,NA,NA,NA,NA,NA,NA
"9394",NA,NA,NA,NA,NA,NA,NA,NA
"90161",NA,NA,NA,NA,NA,NA,NA,NA
"2799",1,0,1,0,1,1,0,0
"10157",0,0,0,1,1,0,1,0
"118881",1,0,0,1,0,1,1,1
"3176",0,0,0,0,0,0,0,0
"1757",1,1,1,0,0,1,0,0
"81537",0,1,1,1,1,0,0,1
"6652",1,0,1,0,0,0,1,1
"6342",1,1,1,1,1,1,1,1
"9056",0,0,0,0,0,0,0,0
"55304",NA,NA,NA,NA,NA,NA,NA,NA
"9517",1,0,0,1,0,0,1,1
"10558",0,1,1,1,0,0,1,1
"2098",1,1,1,1,1,1,1,1
"8879",0,1,1,0,1,0,0,1
"8869",NA,NA,NA,NA,NA,NA,NA,NA
"56848",0,0,0,1,1,1,0,0
"8877",0,0,0,0,0,0,0,0
"130752",NA,NA,NA,NA,NA,NA,NA,NA
"339221",NA,NA,NA,NA,NA,NA,NA,NA
"55627",0,1,1,1,1,1,0,0
"55512",0,0,0,0,0,0,0,0
"6609",1,0,1,1,0,1,0,1
"6610",1,1,1,1,0,0,1,1
"259230",0,0,0,0,0,0,0,0
"116369",NA,NA,NA,NA,NA,NA,NA,NA
"115111",NA,NA,NA,NA,NA,NA,NA,NA
"115019",NA,NA,NA,NA,NA,NA,NA,NA
"284129",NA,NA,NA,NA,NA,NA,NA,NA
"26266",NA,NA,NA,NA,NA,NA,NA,NA
"6646",1,1,1,0,0,0,1,0
"6649",NA,NA,NA,NA,NA,NA,NA,NA
"6648",0,0,0,0,0,0,0,0
"6647",1,1,1,1,1,1,1,1
"6697",0,0,1,1,0,0,1,1
"6723",1,1,1,1,1,1,1,1
"6611",1,0,0,1,0,0,1,1
"6713",1,0,0,0,1,0,1,0
"2222",0,1,0,1,1,0,1,0
"6715",NA,NA,NA,NA,NA,NA,NA,NA
"6716",NA,NA,NA,NA,NA,NA,NA,NA
"15",NA,NA,NA,NA,NA,NA,NA,NA
"6532",0,0,0,0,0,0,0,0
"6487",NA,NA,NA,NA,NA,NA,NA,NA
"10402",0,0,0,1,1,1,0,1
"10610",NA,NA,NA,NA,NA,NA,NA,NA
"81849",NA,NA,NA,NA,NA,NA,NA,NA
"256435",NA,NA,NA,NA,NA,NA,NA,NA
"30815",NA,NA,NA,NA,NA,NA,NA,NA
"6489",NA,NA,NA,NA,NA,NA,NA,NA
"29906",NA,NA,NA,NA,NA,NA,NA,NA
"412",0,0,0,0,0,0,0,0
"6391",1,1,1,1,1,1,1,1
"6390",1,1,1,1,1,1,1,1
"6392",0,0,1,1,1,1,0,0
"6389",1,1,1,1,1,1,1,1
"6821",0,0,0,1,1,1,0,1
"6533",0,0,1,1,0,0,1,1
"5092",1,0,1,0,0,1,0,0
"23530",0,0,0,0,0,0,0,0
"79178",1,0,1,0,1,0,0,1
"6567",NA,NA,NA,NA,NA,NA,NA,NA
"1890",1,0,1,1,0,1,1,1
"55217",0,0,1,1,1,1,1,0
"7296",1,1,1,1,1,1,1,1
"11181",NA,NA,NA,NA,NA,NA,NA,NA
"80162",0,0,1,1,1,1,0,0
"7166",NA,NA,NA,NA,NA,NA,NA,NA
"121278",NA,NA,NA,NA,NA,NA,NA,NA
"169355",NA,NA,NA,NA,NA,NA,NA,NA
"6999",NA,NA,NA,NA,NA,NA,NA,NA
"6561",NA,NA,NA,NA,NA,NA,NA,NA
"6916",1,0,0,1,1,1,0,1
"7054",NA,NA,NA,NA,NA,NA,NA,NA
"7306",NA,NA,NA,NA,NA,NA,NA,NA
"10020",1,0,1,0,1,1,0,0
"29880",1,0,1,0,1,0,0,0
"7355",NA,NA,NA,NA,NA,NA,NA,NA
"7358",1,0,1,0,0,1,1,0
"23169",1,0,0,1,0,0,0,0
"80146",0,1,0,1,1,0,0,0
"5168",0,0,0,0,0,0,0,0
"84912",NA,NA,NA,NA,NA,NA,NA,NA
"3906",NA,NA,NA,NA,NA,NA,NA,NA
"7357",1,0,0,0,0,1,1,1
"11046",NA,NA,NA,NA,NA,NA,NA,NA
"54576",NA,NA,NA,NA,NA,NA,NA,NA
"54575",NA,NA,NA,NA,NA,NA,NA,NA
"54657",NA,NA,NA,NA,NA,NA,NA,NA
"54659",NA,NA,NA,NA,NA,NA,NA,NA
"54658",NA,NA,NA,NA,NA,NA,NA,NA
"54577",NA,NA,NA,NA,NA,NA,NA,NA
"54600",NA,NA,NA,NA,NA,NA,NA,NA
"54579",NA,NA,NA,NA,NA,NA,NA,NA
"54578",NA,NA,NA,NA,NA,NA,NA,NA
"7364",NA,NA,NA,NA,NA,NA,NA,NA
"54490",NA,NA,NA,NA,NA,NA,NA,NA
"7367",NA,NA,NA,NA,NA,NA,NA,NA
"7365",NA,NA,NA,NA,NA,NA,NA,NA
"10720",NA,NA,NA,NA,NA,NA,NA,NA
"7363",NA,NA,NA,NA,NA,NA,NA,NA
"54963",0,0,0,1,0,0,1,1
"7498",NA,NA,NA,NA,NA,NA,NA,NA
"9942",0,1,1,1,0,1,1,1
"64132",0,1,0,1,0,1,0,0
"64131",0,0,0,1,0,0,0,0
"51181",1,1,1,1,1,1,1,1
"64077",1,0,1,0,0,1,0,1
"5464",1,1,1,1,1,1,1,1
"10724",1,0,1,0,0,0,1,0
"94033",NA,NA,NA,NA,NA,NA,NA,NA
"2495",0,0,1,1,1,1,1,0
"1356",0,0,0,0,0,0,0,0
"2512",0,0,1,1,1,0,1,0
"1727",1,1,1,1,1,1,1,1
"51706",1,1,1,1,1,1,1,1
"51700",0,0,1,0,0,0,0,0
"10587",1,0,1,1,0,0,1,1
"80347",1,0,1,0,0,1,1,0
"84618",NA,NA,NA,NA,NA,NA,NA,NA
"22978",1,0,1,1,1,1,0,1
"51251",1,0,0,0,1,0,0,1
"93034",NA,NA,NA,NA,NA,NA,NA,NA
"100526794",NA,NA,NA,NA,NA,NA,NA,NA
"353",1,1,1,1,1,1,1,1
"3251",1,1,1,1,1,1,1,1
"56954",1,1,1,1,1,1,1,1
"5313",1,0,0,0,0,0,1,0
"728441",NA,NA,NA,NA,NA,NA,NA,NA
"124975",NA,NA,NA,NA,NA,NA,NA,NA
"91227",NA,NA,NA,NA,NA,NA,NA,NA
"102724197",NA,NA,NA,NA,NA,NA,NA,NA
"92086",NA,NA,NA,NA,NA,NA,NA,NA
"2686",1,1,0,0,0,0,1,1
"5211",1,1,1,1,1,1,1,1
"1491",1,0,1,1,0,0,1,1
"2819",NA,NA,NA,NA,NA,NA,NA,NA
"29925",1,1,1,1,1,1,1,1
"29926",1,0,1,0,1,1,0,0
"102724560",0,0,0,0,1,1,1,0
"875",NA,NA,NA,NA,NA,NA,NA,NA
"249",0,1,0,1,0,0,0,0
"22934",1,0,1,0,1,1,0,1
"2766",1,0,0,0,0,0,1,0
"51292",1,0,1,0,0,0,1,1
"57571",0,1,1,0,1,1,0,0
"8833",1,1,1,1,1,1,1,1
"5538",1,0,1,0,1,1,0,0
"641371",1,1,0,0,0,0,0,1
"11332",1,0,1,1,0,0,1,1
"55825",0,1,1,0,1,1,0,0
"51102",1,0,0,0,0,0,1,1
"37",1,1,1,1,1,1,1,1
"33",NA,NA,NA,NA,NA,NA,NA,NA
"132158",NA,NA,NA,NA,NA,NA,NA,NA
"641649",NA,NA,NA,NA,NA,NA,NA,NA
"23475",0,0,0,0,0,0,0,0
"50484",1,1,0,1,0,0,1,1
"6240",0,0,1,1,0,1,0,1
"6241",1,0,1,0,0,1,0,0
"3156",0,1,0,0,0,0,1,1
"79966",0,0,0,1,0,0,1,1
"10588",1,0,0,0,0,0,1,1
"84890",1,0,1,1,0,0,1,1
"80025",0,0,1,1,0,0,1,1
"53354",NA,NA,NA,NA,NA,NA,NA,NA
"79646",0,0,0,1,0,0,0,1
"83594",0,0,0,0,0,0,0,0
"7263",0,0,1,0,1,1,0,0
"26275",1,1,1,1,1,1,1,1
"29920",0,0,1,1,0,1,1,1
"7389",1,0,1,0,0,0,0,1
"1595",0,1,1,1,0,1,0,0
"130367",NA,NA,NA,NA,NA,NA,NA,NA
"10478",1,1,0,0,0,0,1,1
"23443",1,1,0,0,1,1,0,0
"64240",NA,NA,NA,NA,NA,NA,NA,NA
"64241",NA,NA,NA,NA,NA,NA,NA,NA
"284111",NA,NA,NA,NA,NA,NA,NA,NA
"8435",NA,NA,NA,NA,NA,NA,NA,NA
"3988",1,0,1,0,1,1,0,0
"377677",1,0,0,1,0,0,0,0
"767",0,1,1,0,0,1,0,0
"765",NA,NA,NA,NA,NA,NA,NA,NA
"759",0,0,0,1,1,0,0,0
"760",1,1,0,0,1,1,0,0
"23632",NA,NA,NA,NA,NA,NA,NA,NA
"766",NA,NA,NA,NA,NA,NA,NA,NA
"771",0,0,0,0,0,0,0,0
"768",NA,NA,NA,NA,NA,NA,NA,NA
"762",0,0,1,1,0,1,0,0
"10057",0,0,0,0,0,0,0,0
"6556",0,0,0,0,0,0,0,0
"6568",NA,NA,NA,NA,NA,NA,NA,NA
"7779",0,1,0,1,0,1,1,1
"54020",0,0,0,0,0,0,0,0
"215",1,0,0,0,0,0,1,1
"5825",1,0,1,0,1,1,0,0
"641372",NA,NA,NA,NA,NA,NA,NA,NA
"9045",1,1,1,1,1,1,1,1
"4017",NA,NA,NA,NA,NA,NA,NA,NA
"84105",1,0,1,0,0,0,1,1
"25830",NA,NA,NA,NA,NA,NA,NA,NA
"84569",NA,NA,NA,NA,NA,NA,NA,NA
"4025",NA,NA,NA,NA,NA,NA,NA,NA
"54995",1,0,1,1,1,1,0,0
"93492",NA,NA,NA,NA,NA,NA,NA,NA
"1267",1,0,1,0,1,1,0,1
"10249",0,0,0,0,1,0,0,0
"1573",NA,NA,NA,NA,NA,NA,NA,NA
"1580",NA,NA,NA,NA,NA,NA,NA,NA
"199974",NA,NA,NA,NA,NA,NA,NA,NA
"260293",NA,NA,NA,NA,NA,NA,NA,NA
"1555",NA,NA,NA,NA,NA,NA,NA,NA
"1549",NA,NA,NA,NA,NA,NA,NA,NA
"57834",NA,NA,NA,NA,NA,NA,NA,NA
"29785",1,0,0,1,0,0,0,0
"1215",0,0,1,1,0,0,0,0
"1357",NA,NA,NA,NA,NA,NA,NA,NA
"93979",NA,NA,NA,NA,NA,NA,NA,NA
"57094",NA,NA,NA,NA,NA,NA,NA,NA
"1358",NA,NA,NA,NA,NA,NA,NA,NA
"7177",0,0,0,0,0,0,0,0
"64499",0,0,0,0,0,0,0,0
"23430",NA,NA,NA,NA,NA,NA,NA,NA
"1636",0,0,1,0,1,1,1,1
"9365",NA,NA,NA,NA,NA,NA,NA,NA
"9331",NA,NA,NA,NA,NA,NA,NA,NA
"7368",0,0,0,0,0,0,0,0
"5315",1,1,1,1,1,1,1,1
"1666",0,0,0,0,0,0,0,0
"874",1,1,1,1,1,1,1,1
"10901",0,1,1,1,1,0,1,1
"126410",0,0,1,0,0,1,0,0
"2053",1,1,0,0,0,1,1,0
"8897",0,0,1,1,1,0,0,1
"8898",0,1,1,0,1,1,1,0
"9152",NA,NA,NA,NA,NA,NA,NA,NA
"9497",1,1,0,1,0,1,0,1
"115584",NA,NA,NA,NA,NA,NA,NA,NA
"6575",NA,NA,NA,NA,NA,NA,NA,NA
"6574",0,0,0,0,0,1,1,1
"142680",NA,NA,NA,NA,NA,NA,NA,NA
"6534",NA,NA,NA,NA,NA,NA,NA,NA
"3293",NA,NA,NA,NA,NA,NA,NA,NA
"1622",1,1,1,1,1,1,1,1
"225",0,1,1,0,1,1,1,0
"28965",NA,NA,NA,NA,NA,NA,NA,NA
"23205",0,0,0,0,0,0,0,0
"26061",1,0,1,1,1,0,1,1
"54716",NA,NA,NA,NA,NA,NA,NA,NA
"6564",NA,NA,NA,NA,NA,NA,NA,NA
"113235",0,0,0,0,0,0,0,0
"1200",1,1,1,1,1,1,1,1
"2168",0,0,0,0,1,0,0,0
"51056",1,1,1,1,1,1,1,1
"9390",NA,NA,NA,NA,NA,NA,NA,NA
"5184",1,0,1,1,1,1,1,0
"4891",NA,NA,NA,NA,NA,NA,NA,NA
"30061",NA,NA,NA,NA,NA,NA,NA,NA
"248",NA,NA,NA,NA,NA,NA,NA,NA
"4524",1,0,1,0,1,0,1,1
"25796",1,1,1,1,1,1,1,1
"28982",1,1,1,1,1,0,0,1
"6120",1,0,1,0,0,1,0,1
"10864",NA,NA,NA,NA,NA,NA,NA,NA
"9376",NA,NA,NA,NA,NA,NA,NA,NA
"9356",NA,NA,NA,NA,NA,NA,NA,NA
"348932",NA,NA,NA,NA,NA,NA,NA,NA
"120103",NA,NA,NA,NA,NA,NA,NA,NA
"1080",NA,NA,NA,NA,NA,NA,NA,NA
"85320",NA,NA,NA,NA,NA,NA,NA,NA
"222962",NA,NA,NA,NA,NA,NA,NA,NA
"10351",NA,NA,NA,NA,NA,NA,NA,NA
"9429",NA,NA,NA,NA,NA,NA,NA,NA
"55867",NA,NA,NA,NA,NA,NA,NA,NA
"364",NA,NA,NA,NA,NA,NA,NA,NA
"89872",NA,NA,NA,NA,NA,NA,NA,NA
"360",NA,NA,NA,NA,NA,NA,NA,NA
"21",NA,NA,NA,NA,NA,NA,NA,NA
"24",NA,NA,NA,NA,NA,NA,NA,NA
"125206",NA,NA,NA,NA,NA,NA,NA,NA
"200010",NA,NA,NA,NA,NA,NA,NA,NA
"6524",NA,NA,NA,NA,NA,NA,NA,NA
"159963",NA,NA,NA,NA,NA,NA,NA,NA
"55065",0,0,0,0,0,0,0,1
"79581",0,0,0,0,0,0,0,1
"3767",NA,NA,NA,NA,NA,NA,NA,NA
"6833",NA,NA,NA,NA,NA,NA,NA,NA
"10060",NA,NA,NA,NA,NA,NA,NA,NA
"3764",NA,NA,NA,NA,NA,NA,NA,NA
"5947",NA,NA,NA,NA,NA,NA,NA,NA
"64220",NA,NA,NA,NA,NA,NA,NA,NA
"5950",0,1,0,1,0,0,1,0
"5948",NA,NA,NA,NA,NA,NA,NA,NA
"949",0,0,0,0,0,1,1,0
"29881",NA,NA,NA,NA,NA,NA,NA,NA
"2350",0,0,0,0,0,0,0,0
"3248",0,0,1,1,1,1,0,1
"166929",NA,NA,NA,NA,NA,NA,NA,NA
"56261",1,0,0,1,0,1,0,1
"3658",1,0,1,0,0,1,1,1
"203",0,1,0,0,0,0,0,0
"122481",NA,NA,NA,NA,NA,NA,NA,NA
"159",1,1,1,1,1,1,1,1
"122622",NA,NA,NA,NA,NA,NA,NA,NA
"11212",1,1,1,1,1,1,1,0
"383",0,0,1,0,0,1,0,1
"1371",1,1,1,1,1,1,1,1
"1503",1,0,1,1,0,0,1,1
"56474",1,0,1,0,0,1,1,0
"2987",1,1,1,1,1,1,1,1
"5860",1,1,1,1,1,1,1,1
"9453",1,0,0,0,0,1,0,1
"2027",0,0,1,0,1,1,0,0
"2026",1,1,1,1,1,1,1,1
"2023",1,1,1,1,1,1,1,1
"9843",NA,NA,NA,NA,NA,NA,NA,NA
"80308",1,0,0,0,0,1,0,0
"7360",0,0,0,0,0,0,0,0
"26330",NA,NA,NA,NA,NA,NA,NA,NA
"2597",1,1,1,1,1,1,1,1
"9945",0,0,0,0,0,0,0,0
"2673",1,1,1,1,1,1,1,1
"2752",0,1,1,1,1,0,0,1
"51557",1,0,1,1,1,0,0,1
"1800",NA,NA,NA,NA,NA,NA,NA,NA
"2762",1,0,1,0,0,0,1,1
"2643",1,0,0,1,0,1,0,1
"761",0,0,0,0,0,0,0,0
"359",NA,NA,NA,NA,NA,NA,NA,NA
"4284",NA,NA,NA,NA,NA,NA,NA,NA
"361",NA,NA,NA,NA,NA,NA,NA,NA
"358",0,0,0,0,0,0,0,0
"362",NA,NA,NA,NA,NA,NA,NA,NA
"3145",1,0,0,1,0,1,1,1
"586",0,1,0,0,0,0,1,1
"3614",1,0,1,0,0,0,0,1
"3615",1,1,1,1,1,1,1,1
"682",0,0,1,0,0,0,0,1
"4351",1,0,1,0,1,1,1,1
"441024",NA,NA,NA,NA,NA,NA,NA,NA
"100287639",NA,NA,NA,NA,NA,NA,NA,NA
"65220",1,0,1,1,1,1,0,1
"389015",NA,NA,NA,NA,NA,NA,NA,NA
"6553",NA,NA,NA,NA,NA,NA,NA,NA
"2821",1,1,1,1,1,1,1,1
"5230",1,1,1,1,1,1,1,1
"5232",NA,NA,NA,NA,NA,NA,NA,NA
"375056",0,0,1,1,0,0,1,1
"5236",1,1,1,1,1,1,1,1
"55276",1,1,1,1,1,1,1,1
"5373",1,1,1,1,1,1,1,1
"5372",1,1,1,0,0,1,1,1
"210",0,0,0,0,0,0,0,0
"60490",1,0,1,0,1,1,0,0
"79717",1,0,1,0,0,0,1,1
"58510",NA,NA,NA,NA,NA,NA,NA,NA
"153201",NA,NA,NA,NA,NA,NA,NA,NA
"5634",1,0,1,0,0,0,1,1
"5631",1,1,1,1,1,1,1,1
"221823",NA,NA,NA,NA,NA,NA,NA,NA
"29968",1,0,1,0,0,1,1,1
"5723",1,0,0,1,0,0,1,1
"55312",1,1,1,0,0,1,1,1
"6888",1,1,1,1,1,1,1,1
"79896",1,0,1,0,1,0,1,1
"84076",NA,NA,NA,NA,NA,NA,NA,NA
"7086",1,1,1,1,1,1,1,1
"8277",NA,NA,NA,NA,NA,NA,NA,NA
"27010",1,0,0,0,1,1,1,1
"7167",1,1,1,1,1,1,1,1
"286016",NA,NA,NA,NA,NA,NA,NA,NA
"2582",1,0,1,1,0,0,0,1
"6675",1,0,0,1,1,1,1,0
"91373",1,0,1,0,0,0,1,1
"7390",1,0,0,0,0,1,1,1
"8170",NA,NA,NA,NA,NA,NA,NA,NA
"6563",NA,NA,NA,NA,NA,NA,NA,NA
"374569",NA,NA,NA,NA,NA,NA,NA,NA
"100507855",0,0,1,1,1,0,0,1
"55191",1,0,0,0,0,1,1,0
"132",1,1,1,1,1,1,1,1
"97",1,0,1,1,1,1,1,1
"98",1,0,1,1,0,1,1,1
"112611",NA,NA,NA,NA,NA,NA,NA,NA
"51005",0,0,1,1,0,1,0,0
"471",1,1,1,1,1,1,1,1
"435",1,0,1,1,0,1,1,1
"171425",1,1,0,0,1,1,0,1
"10007",1,1,1,1,1,1,1,1
"132789",1,0,1,0,0,1,1,1
"2584",1,0,1,1,0,0,1,1
"2585",1,0,1,1,0,1,0,0
"2592",1,0,1,1,0,1,0,1
"5471",1,0,1,0,0,1,0,1
"84264",NA,NA,NA,NA,NA,NA,NA,NA
"3034",0,0,1,0,0,0,0,1
"144193",NA,NA,NA,NA,NA,NA,NA,NA
"2739",1,1,1,1,1,1,1,1
"3613",0,0,1,1,0,0,1,1
"3612",1,1,1,1,1,1,1,1
"8776",1,0,1,0,0,1,0,1
"2978",NA,NA,NA,NA,NA,NA,NA,NA
"4953",NA,NA,NA,NA,NA,NA,NA,NA
"5214",1,1,1,1,1,1,1,1
"5213",1,0,1,0,0,1,0,1
"6569",NA,NA,NA,NA,NA,NA,NA,NA
"10050",NA,NA,NA,NA,NA,NA,NA,NA
"10568",1,1,0,1,1,1,0,0
"10786",NA,NA,NA,NA,NA,NA,NA,NA
"10246",NA,NA,NA,NA,NA,NA,NA,NA
"5198",1,0,1,1,0,1,1,1
"113675",1,0,0,1,0,0,0,0
"7298",1,1,0,0,1,1,0,0
"131669",NA,NA,NA,NA,NA,NA,NA,NA
"5973",1,1,0,1,0,1,1,1
"1635",1,0,1,0,0,1,0,1
"286297",NA,NA,NA,NA,NA,NA,NA,NA
"10560",NA,NA,NA,NA,NA,NA,NA,NA
"191",1,1,1,1,1,1,1,1
"10768",1,0,1,1,1,1,1,1
"25874",0,0,1,1,1,0,0,1
"51660",1,0,1,0,0,0,0,0
"57198",1,0,0,1,0,0,1,1
"5205",NA,NA,NA,NA,NA,NA,NA,NA
"23250",0,1,1,1,0,1,0,0
"286410",1,0,0,1,1,1,0,1
"5243",0,0,1,0,1,0,0,1
"55856",1,1,1,1,1,1,1,1
"7350",NA,NA,NA,NA,NA,NA,NA,NA
"26027",0,0,0,0,1,1,1,0
"10058",0,0,0,1,1,0,0,1
"51458",NA,NA,NA,NA,NA,NA,NA,NA
"948",0,0,0,1,1,0,1,0
"10928",1,0,1,0,0,1,1,1
"1728",1,0,0,1,0,0,1,1
"2946",1,1,0,0,0,1,0,0
"125981",NA,NA,NA,NA,NA,NA,NA,NA
"55331",1,1,0,0,0,0,0,0
"340485",NA,NA,NA,NA,NA,NA,NA,NA
"2760",1,1,1,0,1,1,1,0
"5660",1,1,1,1,1,1,0,0
"57704",0,1,0,1,1,0,1,1
"4759",NA,NA,NA,NA,NA,NA,NA,NA
"10825",0,0,0,0,0,0,0,0
"7903",0,0,0,0,1,1,0,0
"5407",NA,NA,NA,NA,NA,NA,NA,NA
"119548",NA,NA,NA,NA,NA,NA,NA,NA
"5408",NA,NA,NA,NA,NA,NA,NA,NA
"221955",1,0,1,1,1,1,0,0
"9388",0,0,0,1,0,0,0,0
"13",NA,NA,NA,NA,NA,NA,NA,NA
"57104",1,1,1,0,1,1,0,0
"3991",1,1,0,0,1,1,0,0
"747",NA,NA,NA,NA,NA,NA,NA,NA
"8513",NA,NA,NA,NA,NA,NA,NA,NA
"5406",NA,NA,NA,NA,NA,NA,NA,NA
"2170",1,0,0,0,0,0,0,1
"2171",1,1,1,1,1,1,1,1
"2167",0,0,0,0,0,0,0,0
"2172",NA,NA,NA,NA,NA,NA,NA,NA
"646480",NA,NA,NA,NA,NA,NA,NA,NA
"2173",NA,NA,NA,NA,NA,NA,NA,NA
"646486",NA,NA,NA,NA,NA,NA,NA,NA
"2169",NA,NA,NA,NA,NA,NA,NA,NA
"6296",1,0,0,1,0,1,0,1
"341392",NA,NA,NA,NA,NA,NA,NA,NA
"54988",NA,NA,NA,NA,NA,NA,NA,NA
"123876",NA,NA,NA,NA,NA,NA,NA,NA
"348158",NA,NA,NA,NA,NA,NA,NA,NA
"344967",NA,NA,NA,NA,NA,NA,NA,NA
"154141",1,1,0,0,0,0,1,1
"51099",0,1,0,0,0,0,0,0
"253558",1,1,0,0,1,1,0,1
"84513",NA,NA,NA,NA,NA,NA,NA,NA
"64748",NA,NA,NA,NA,NA,NA,NA,NA
"9890",NA,NA,NA,NA,NA,NA,NA,NA
"9663",1,0,0,0,0,0,0,1
"196051",NA,NA,NA,NA,NA,NA,NA,NA
"79948",NA,NA,NA,NA,NA,NA,NA,NA
"23175",1,0,1,1,0,0,1,1
"64900",NA,NA,NA,NA,NA,NA,NA,NA
"85465",NA,NA,NA,NA,NA,NA,NA,NA
"122618",0,1,1,0,0,1,0,0
"201164",0,0,0,0,0,0,1,0
"23646",1,0,1,0,0,1,1,0
"590",0,0,0,0,0,0,0,0
"91012",1,0,1,0,0,0,0,0
"204219",NA,NA,NA,NA,NA,NA,NA,NA
"10715",NA,NA,NA,NA,NA,NA,NA,NA
"253782",0,0,0,1,1,1,1,0
"29956",0,1,1,1,0,1,1,0
"79603",0,1,1,0,1,1,0,0
"56624",NA,NA,NA,NA,NA,NA,NA,NA
"55757",NA,NA,NA,NA,NA,NA,NA,NA
"145173",1,0,1,1,0,1,0,0
"644974",NA,NA,NA,NA,NA,NA,NA,NA
"56886",1,1,1,1,1,1,1,1
"152586",NA,NA,NA,NA,NA,NA,NA,NA
"55830",1,0,0,1,1,1,1,1
"170384",1,1,0,0,0,0,0,0
"283358",NA,NA,NA,NA,NA,NA,NA,NA
"148789",NA,NA,NA,NA,NA,NA,NA,NA
"2526",NA,NA,NA,NA,NA,NA,NA,NA
"84750",NA,NA,NA,NA,NA,NA,NA,NA
"644378",NA,NA,NA,NA,NA,NA,NA,NA
"55624",0,0,1,1,1,1,1,0
"83468",NA,NA,NA,NA,NA,NA,NA,NA
"168391",NA,NA,NA,NA,NA,NA,NA,NA
"338707",NA,NA,NA,NA,NA,NA,NA,NA
"146664",NA,NA,NA,NA,NA,NA,NA,NA
"360203",NA,NA,NA,NA,NA,NA,NA,NA
"56983",1,0,0,0,0,1,1,0
"3703",1,0,0,0,0,0,1,1
"124872",NA,NA,NA,NA,NA,NA,NA,NA
"8473",1,0,1,0,0,1,0,0
"8708",NA,NA,NA,NA,NA,NA,NA,NA
"2529",1,0,0,1,1,0,0,0
"8702",0,0,1,1,0,1,1,0
"8707",NA,NA,NA,NA,NA,NA,NA,NA
"200810",NA,NA,NA,NA,NA,NA,NA,NA
"84752",NA,NA,NA,NA,NA,NA,NA,NA
"201595",1,1,0,1,1,1,0,0
"140687",NA,NA,NA,NA,NA,NA,NA,NA
"51228",1,0,1,0,1,0,0,1
"284004",NA,NA,NA,NA,NA,NA,NA,NA
"79411",NA,NA,NA,NA,NA,NA,NA,NA
"27090",0,0,0,0,1,0,0,0
"129807",NA,NA,NA,NA,NA,NA,NA,NA
"2524",NA,NA,NA,NA,NA,NA,NA,NA
"2528",NA,NA,NA,NA,NA,NA,NA,NA
"2527",NA,NA,NA,NA,NA,NA,NA,NA
"113612",1,1,0,1,0,0,0,1
"493869",NA,NA,NA,NA,NA,NA,NA,NA
"64180",NA,NA,NA,NA,NA,NA,NA,NA
"64174",0,0,0,0,0,0,0,0
"10728",1,1,1,1,1,1,1,1
"11102",1,1,1,0,1,0,1,0
"91179",NA,NA,NA,NA,NA,NA,NA,NA
"10826",NA,NA,NA,NA,NA,NA,NA,NA
"266740",NA,NA,NA,NA,NA,NA,NA,NA
"3930",1,1,1,1,1,1,1,1
"4645",NA,NA,NA,NA,NA,NA,NA,NA
"3069",1,0,1,0,0,1,1,1
"4864",0,1,1,0,0,0,1,0
"285440",NA,NA,NA,NA,NA,NA,NA,NA
"79644",0,0,0,0,1,1,0,0
"1646",NA,NA,NA,NA,NA,NA,NA,NA
"51170",1,1,0,0,0,0,1,1
"51144",1,1,1,1,1,1,1,1
"8630",NA,NA,NA,NA,NA,NA,NA,NA
"158160",NA,NA,NA,NA,NA,NA,NA,NA
"83401",NA,NA,NA,NA,NA,NA,NA,NA
"64834",1,0,1,1,0,0,1,1
"79993",0,0,0,0,0,0,0,0
"401494",1,0,0,1,1,0,0,0
"192286",0,0,1,1,0,1,0,0
"201562",0,1,0,1,0,0,1,1
"9200",0,0,0,0,0,0,0,0
"51495",1,0,0,1,0,1,0,1
"253017",NA,NA,NA,NA,NA,NA,NA,NA
"9524",1,1,1,1,1,1,1,1
"283985",NA,NA,NA,NA,NA,NA,NA,NA
"3995",NA,NA,NA,NA,NA,NA,NA,NA
"1155",1,0,1,1,1,1,1,1
"114571",NA,NA,NA,NA,NA,NA,NA,NA
"123096",1,1,0,0,0,0,0,0
"57016",NA,NA,NA,NA,NA,NA,NA,NA
"55277",NA,NA,NA,NA,NA,NA,NA,NA
"79707",0,0,1,0,0,1,1,0
"64122",0,0,0,1,1,1,1,0
"9917",1,1,1,0,0,0,0,0
"79672",1,0,1,0,0,0,1,1
"92370",NA,NA,NA,NA,NA,NA,NA,NA
"390928",NA,NA,NA,NA,NA,NA,NA,NA
"93650",NA,NA,NA,NA,NA,NA,NA,NA
"139596",0,0,1,0,0,1,0,1
"55066",1,0,1,0,0,1,0,1
"283208",NA,NA,NA,NA,NA,NA,NA,NA
"5033",1,0,0,1,0,1,1,1
"8974",1,0,0,1,1,1,0,0
"58478",1,0,1,1,1,0,1,1
"55256",1,0,1,0,0,1,0,1
"259307",0,1,1,0,1,0,0,1
"81894",NA,NA,NA,NA,NA,NA,NA,NA
"51312",NA,NA,NA,NA,NA,NA,NA,NA
"138639",NA,NA,NA,NA,NA,NA,NA,NA
"23203",1,1,1,1,1,1,1,1
"9896",0,1,1,1,1,0,1,1
"374462",NA,NA,NA,NA,NA,NA,NA,NA
"163404",NA,NA,NA,NA,NA,NA,NA,NA
"22908",1,1,1,1,1,1,1,1
"22876",1,0,0,0,1,1,1,0
"84814",NA,NA,NA,NA,NA,NA,NA,NA
"51559",1,0,1,0,0,1,1,1
"29085",0,0,1,1,0,0,1,1
"64419",1,0,1,0,0,1,1,1
"145553",1,0,1,1,0,0,0,0
"51496",1,1,0,0,0,1,1,0
"8446",1,0,0,1,1,1,0,0
"9107",1,0,1,0,0,1,0,1
"23371",NA,NA,NA,NA,NA,NA,NA,NA
"9108",NA,NA,NA,NA,NA,NA,NA,NA
"55613",NA,NA,NA,NA,NA,NA,NA,NA
"403313",1,1,0,1,0,1,1,0
"9562",0,1,1,1,0,1,1,1
"3705",1,0,1,0,1,1,0,0
"138429",NA,NA,NA,NA,NA,NA,NA,NA
"10170",0,0,0,0,0,0,0,0
"9249",1,1,0,0,1,1,0,0
"220074",NA,NA,NA,NA,NA,NA,NA,NA
"1733",NA,NA,NA,NA,NA,NA,NA,NA
"1735",NA,NA,NA,NA,NA,NA,NA,NA
"1734",NA,NA,NA,NA,NA,NA,NA,NA
"6819",0,0,0,0,1,0,1,1
"27284",0,1,1,1,0,0,1,0
"84274",1,0,1,0,0,0,0,1
"4297",0,0,0,1,0,0,1,1
"55904",1,0,0,1,0,0,1,0
"55870",NA,NA,NA,NA,NA,NA,NA,NA
"79723",0,0,0,0,0,0,0,0
"79813",0,0,0,1,0,1,0,1
"387893",0,0,1,0,1,1,0,1
"8085",1,0,1,0,1,1,0,1
"58508",1,0,1,1,1,1,1,0
"9869",1,0,1,0,1,1,0,0
"9757",0,1,0,1,0,1,1,1
"80854",0,1,0,0,0,0,1,1
"9739",0,0,1,1,0,0,0,1
"64754",1,0,1,0,1,1,0,0
"84444",0,1,1,1,0,1,0,1
"10919",1,0,1,0,1,1,0,0
"64324",0,1,1,1,1,1,1,0
"23067",1,0,1,0,1,1,0,1
"6839",1,1,0,0,1,0,1,0
"83852",NA,NA,NA,NA,NA,NA,NA,NA
"54904",NA,NA,NA,NA,NA,NA,NA,NA
"84787",0,0,1,1,0,0,0,0
"29072",0,1,0,1,1,1,0,0
"7468",NA,NA,NA,NA,NA,NA,NA,NA
"51111",0,0,0,0,0,0,0,0
"6419",0,0,1,1,0,1,1,0
"90701",1,0,1,1,0,1,1,0
"9789",1,1,1,1,1,1,1,1
"23478",1,1,1,1,1,1,1,1
"28972",1,1,1,1,1,1,1,1
"60559",1,1,1,1,1,1,1,1
"57171",0,0,1,1,1,0,0,1
"4249",1,1,0,1,1,1,0,0
"25834",NA,NA,NA,NA,NA,NA,NA,NA
"137902",NA,NA,NA,NA,NA,NA,NA,NA
"7837",NA,NA,NA,NA,NA,NA,NA,NA
"9677",1,0,0,0,0,0,0,1
"23262",1,0,0,0,0,1,1,1
"26007",1,0,1,0,0,1,1,1
"158584",NA,NA,NA,NA,NA,NA,NA,NA
"283209",1,0,1,0,0,1,1,1
"23491",NA,NA,NA,NA,NA,NA,NA,NA
"221223",NA,NA,NA,NA,NA,NA,NA,NA
"1208",NA,NA,NA,NA,NA,NA,NA,NA
"55244",NA,NA,NA,NA,NA,NA,NA,NA
"146802",NA,NA,NA,NA,NA,NA,NA,NA
"345274",NA,NA,NA,NA,NA,NA,NA,NA
"116085",NA,NA,NA,NA,NA,NA,NA,NA
"123688",NA,NA,NA,NA,NA,NA,NA,NA
"56898",0,0,1,1,0,0,1,1
"51171",NA,NA,NA,NA,NA,NA,NA,NA
"84869",0,1,1,0,0,1,1,1
"51741",1,1,0,1,1,1,1,0
"10202",0,0,0,0,1,1,0,0
"1487",0,0,0,0,0,0,0,0
"93517",NA,NA,NA,NA,NA,NA,NA,NA
"121214",NA,NA,NA,NA,NA,NA,NA,NA
"10553",1,1,1,1,1,1,1,1
"100288072",NA,NA,NA,NA,NA,NA,NA,NA
"374875",NA,NA,NA,NA,NA,NA,NA,NA
"441282",NA,NA,NA,NA,NA,NA,NA,NA
"340811",NA,NA,NA,NA,NA,NA,NA,NA
"133121",NA,NA,NA,NA,NA,NA,NA,NA
"85007",1,0,1,0,1,1,0,0
"250",NA,NA,NA,NA,NA,NA,NA,NA
"251",NA,NA,NA,NA,NA,NA,NA,NA
"123264",NA,NA,NA,NA,NA,NA,NA,NA
"200931",NA,NA,NA,NA,NA,NA,NA,NA
"10941",NA,NA,NA,NA,NA,NA,NA,NA
"79799",NA,NA,NA,NA,NA,NA,NA,NA
"10476",1,1,1,1,1,1,1,1
"518",NA,NA,NA,NA,NA,NA,NA,NA
"498",1,1,1,1,1,1,1,1
"516",NA,NA,NA,NA,NA,NA,NA,NA
"522",1,1,1,1,1,1,1,1
"515",1,1,1,1,1,1,1,1
"9551",1,0,1,1,1,1,1,0
"27109",NA,NA,NA,NA,NA,NA,NA,NA
"267020",NA,NA,NA,NA,NA,NA,NA,NA
"509",1,1,1,1,1,1,1,1
"513",1,1,1,1,1,1,1,1
"514",NA,NA,NA,NA,NA,NA,NA,NA
"517",NA,NA,NA,NA,NA,NA,NA,NA
"521",1,1,1,1,1,1,1,1
"10632",1,1,1,1,1,1,1,1
"506",1,0,1,1,0,0,0,0
"539",1,1,1,1,1,1,1,1
"29796",1,1,1,1,1,1,1,1
"4519",1,0,0,1,0,1,1,1
"1537",1,1,1,1,1,1,1,1
"7381",0,0,0,0,0,0,0,0
"10975",0,0,1,1,1,1,0,1
"27089",1,1,1,1,1,1,1,1
"7384",1,1,1,1,1,1,1,1
"7386",1,1,1,1,1,1,1,1
"7388",1,0,1,1,1,1,1,1
"7385",1,1,1,1,1,1,1,1
"9481",NA,NA,NA,NA,NA,NA,NA,NA
"9016",NA,NA,NA,NA,NA,NA,NA,NA
"7351",0,0,0,0,0,0,0,0
"7352",NA,NA,NA,NA,NA,NA,NA,NA
"4535",1,0,1,1,1,1,1,1
"4540",1,0,0,1,0,1,1,1
"4541",0,0,0,1,0,1,1,0
"4729",1,1,1,1,1,1,1,1
"126328",1,0,1,0,1,1,0,0
"4717",1,0,1,0,0,1,1,1
"4719",1,1,1,1,1,1,1,1
"7991",NA,NA,NA,NA,NA,NA,NA,NA
"4539",NA,NA,NA,NA,NA,NA,NA,NA
"4707",1,1,1,1,1,1,1,1
"4705",1,1,1,1,1,1,1,1
"4536",0,0,1,0,1,1,0,0
"4713",0,0,1,1,0,1,0,0
"4538",1,0,0,1,0,0,1,1
"4731",0,0,1,1,1,1,0,0
"4695",1,1,1,1,1,1,1,1
"4708",0,1,1,0,1,1,0,0
"4711",1,1,1,1,0,1,1,1
"4723",1,1,1,1,1,1,1,1
"4706",0,0,0,0,0,0,0,1
"4701",1,1,1,1,1,1,1,1
"4724",1,1,1,1,1,1,1,1
"4718",1,1,1,1,1,1,1,1
"4698",1,1,1,1,1,1,1,1
"4537",0,1,0,0,1,1,1,0
"55967",1,1,1,1,1,1,1,1
"4728",1,1,1,1,1,1,1,1
"4715",1,1,1,1,1,1,1,1
"51079",1,1,1,1,1,1,1,1
"54539",0,0,0,1,0,1,1,0
"4714",0,0,1,0,1,1,1,0
"4720",1,1,1,1,1,1,1,1
"4712",0,0,1,1,0,1,0,1
"4722",1,1,1,1,1,1,1,1
"4704",1,1,1,1,1,1,1,1
"4694",0,1,1,1,0,0,0,0
"4702",1,1,1,1,1,1,1,1
"4709",1,1,1,1,1,1,1,1
"4725",1,1,1,1,1,1,1,1
"4710",1,1,1,1,1,1,1,1
"4697",1,1,1,1,1,1,1,1
"4726",1,1,1,1,1,1,1,1
"4716",1,1,1,1,1,1,1,1
"374291",1,1,0,0,0,0,1,1
"1345",1,1,1,1,0,0,1,1
"1340",1,1,1,1,1,1,1,1
"1329",1,1,1,1,1,1,1,1
"4514",0,1,1,1,0,0,1,1
"4513",1,1,1,1,1,1,1,1
"1327",1,1,1,1,1,1,1,1
"1351",0,1,1,1,0,0,1,1
"1349",NA,NA,NA,NA,NA,NA,NA,NA
"1346",NA,NA,NA,NA,NA,NA,NA,NA
"1347",1,1,1,1,1,1,1,1
"9377",1,1,1,1,1,1,1,1
"1337",1,1,1,1,1,1,0,0
"4512",1,1,0,0,0,1,1,1
"1350",1,1,1,1,1,1,1,1
"9167",1,0,1,0,1,1,0,0
"125965",NA,NA,NA,NA,NA,NA,NA,NA
"1339",NA,NA,NA,NA,NA,NA,NA,NA
"170712",NA,NA,NA,NA,NA,NA,NA,NA
"84701",NA,NA,NA,NA,NA,NA,NA,NA
"4363",1,0,0,0,0,0,1,1
"146712",NA,NA,NA,NA,NA,NA,NA,NA
"10554",1,1,0,0,1,0,1,1
"240",1,1,1,0,0,1,1,0
"534",NA,NA,NA,NA,NA,NA,NA,NA
"8705",NA,NA,NA,NA,NA,NA,NA,NA
"570",NA,NA,NA,NA,NA,NA,NA,NA
"622",1,1,1,1,1,1,1,1
"57818",NA,NA,NA,NA,NA,NA,NA,NA
"8647",NA,NA,NA,NA,NA,NA,NA,NA
"124935",0,1,0,0,0,0,1,1
"6531",NA,NA,NA,NA,NA,NA,NA,NA
"11000",1,0,0,0,1,1,1,0
"4758",1,0,1,0,1,1,0,1
"2618",1,1,1,1,1,1,1,1
"2629",0,0,1,1,0,1,0,0
"7264",1,0,1,1,1,1,1,1
"284098",NA,NA,NA,NA,NA,NA,NA,NA
"3163",1,1,1,1,1,1,1,1
"7923",0,0,1,1,0,0,1,1
"10723",0,1,1,1,0,1,0,1
"201288",NA,NA,NA,NA,NA,NA,NA,NA
"645740",NA,NA,NA,NA,NA,NA,NA,NA
"1589",NA,NA,NA,NA,NA,NA,NA,NA
"9651",0,0,1,1,0,1,1,1
"8396",1,1,0,0,0,0,1,1
"8399",NA,NA,NA,NA,NA,NA,NA,NA
"64711",NA,NA,NA,NA,NA,NA,NA,NA
"7366",NA,NA,NA,NA,NA,NA,NA,NA
"9374",NA,NA,NA,NA,NA,NA,NA,NA
"93100",1,0,1,0,0,1,1,1
"55229",1,0,1,0,0,0,1,1
"26063",1,1,1,1,0,1,1,1
"2880",NA,NA,NA,NA,NA,NA,NA,NA
"65263",NA,NA,NA,NA,NA,NA,NA,NA
"8781",NA,NA,NA,NA,NA,NA,NA,NA
"31",1,0,1,1,0,1,1,0
"55750",1,1,1,1,1,1,1,1
"8644",0,1,1,0,1,1,1,0
"1066",0,0,1,1,1,1,0,0
"5446",1,1,0,1,0,0,0,0
"4905",1,1,1,1,1,1,1,1
"4700",0,1,1,1,1,1,1,1
"4696",1,1,0,0,1,1,0,1
"341947",NA,NA,NA,NA,NA,NA,NA,NA
