"","ImmProt_Th1_01","ImmProt_Th1_02","ImmProt_Th1_03","ImmProt_Th1_04"
"26",0,1,1,0
"314",NA,NA,NA,NA
"8639",NA,NA,NA,NA
"1591",NA,NA,NA,NA
"1594",1,1,1,1
"10993",1,1,1,1
"6818",1,0,0,0
"89874",NA,NA,NA,NA
"55293",0,1,1,1
"3945",1,1,1,1
"92483",NA,NA,NA,NA
"160287",NA,NA,NA,NA
"3948",NA,NA,NA,NA
"3939",1,1,1,1
"134526",NA,NA,NA,NA
"51",1,1,0,0
"95",0,0,1,1
"50",1,1,1,1
"48",0,1,1,0
"8309",NA,NA,NA,NA
"52",1,1,1,1
"55",0,0,1,1
"788",1,1,1,1
"9194",1,0,1,0
"55902",0,0,1,1
"9123",0,1,1,1
"6566",0,1,1,0
"57835",NA,NA,NA,NA
"65985",0,1,1,0
"8671",1,1,1,1
"438",NA,NA,NA,NA
"1571",NA,NA,NA,NA
"4967",1,1,1,1
"100",1,1,1,1
"8050",0,0,1,1
"1738",1,1,1,1
"3177",NA,NA,NA,NA
"1743",1,1,1,1
"126",NA,NA,NA,NA
"205",0,0,1,1
"128",1,1,1,1
"204",1,1,1,1
"130",NA,NA,NA,NA
"127",1,0,0,0
"131",NA,NA,NA,NA
"124",NA,NA,NA,NA
"125",NA,NA,NA,NA
"26289",0,0,1,0
"137872",NA,NA,NA,NA
"1312",1,1,1,1
"50808",1,1,1,1
"262",1,1,1,1
"117247",0,0,1,0
"222",NA,NA,NA,NA
"113",0,1,0,0
"218",NA,NA,NA,NA
"108",NA,NA,NA,NA
"220",NA,NA,NA,NA
"221",0,0,1,0
"114",NA,NA,NA,NA
"111",NA,NA,NA,NA
"3242",NA,NA,NA,NA
"115",NA,NA,NA,NA
"18",0,1,0,0
"109",NA,NA,NA,NA
"55811",NA,NA,NA,NA
"196883",NA,NA,NA,NA
"2531",1,1,0,0
"107",NA,NA,NA,NA
"23498",0,0,0,1
"112",1,0,0,0
"55268",0,1,0,1
"51166",NA,NA,NA,NA
"2030",0,0,1,1
"883",0,0,1,1
"1644",NA,NA,NA,NA
"4129",0,1,0,0
"9154",NA,NA,NA,NA
"64078",1,1,1,1
"4128",0,1,1,0
"9153",NA,NA,NA,NA
"10165",0,1,0,0
"55315",1,0,0,0
"8604",1,1,1,1
"245972",0,1,0,0
"2572",NA,NA,NA,NA
"9114",0,1,1,1
"11164",1,1,1,1
"2571",NA,NA,NA,NA
"952",0,1,1,0
"51380",NA,NA,NA,NA
"1375",NA,NA,NA,NA
"533",NA,NA,NA,NA
"2805",1,1,1,1
"50617",NA,NA,NA,NA
"1374",1,1,1,1
"2806",1,1,1,1
"8659",0,1,0,0
"126129",NA,NA,NA,NA
"10312",0,1,1,0
"6817",1,0,0,0
"535",1,1,0,0
"127124",NA,NA,NA,NA
"523",1,1,1,1
"1376",1,1,0,0
"6799",NA,NA,NA,NA
"9060",0,0,0,1
"8992",NA,NA,NA,NA
"9061",0,1,0,0
"158",1,1,1,1
"9550",0,1,1,1
"4363",0,1,1,0
"529",0,1,1,0
"6822",NA,NA,NA,NA
"6573",1,1,1,1
"146712",NA,NA,NA,NA
"528",0,1,1,0
"316",NA,NA,NA,NA
"10678",0,0,0,1
"6571",1,1,1,1
"6570",NA,NA,NA,NA
"10331",NA,NA,NA,NA
"51382",0,1,1,0
"2348",NA,NA,NA,NA
"90423",0,0,0,1
"534",NA,NA,NA,NA
"374907",1,0,0,0
"2352",1,1,1,1
"51606",0,1,1,1
"11041",0,0,0,1
"93010",NA,NA,NA,NA
"9296",1,0,0,1
"79369",NA,NA,NA,NA
"4125",0,1,0,1
"954",NA,NA,NA,NA
"79814",0,1,1,0
"53947",NA,NA,NA,NA
"51146",NA,NA,NA,NA
"28",NA,NA,NA,NA
"953",1,0,0,0
"206358",1,1,1,1
"957",NA,NA,NA,NA
"56895",1,1,1,0
"6540",NA,NA,NA,NA
"137964",0,0,1,0
"129642",1,0,1,1
"956",NA,NA,NA,NA
"955",NA,NA,NA,NA
"6539",0,0,1,0
"56894",0,1,1,1
"10555",1,1,0,0
"55326",0,1,1,1
"10554",0,1,1,0
"6529",NA,NA,NA,NA
"6538",NA,NA,NA,NA
"10449",1,1,1,1
"38",1,1,1,1
"64850",NA,NA,NA,NA
"377841",NA,NA,NA,NA
"3032",1,1,1,1
"292",1,1,1,1
"293",1,1,1,1
"64902",NA,NA,NA,NA
"3030",1,1,1,1
"189",NA,NA,NA,NA
"291",0,1,1,1
"39",1,1,1,1
"30",1,1,0,0
"32",NA,NA,NA,NA
"9197",0,0,0,1
"4126",0,0,1,0
"3073",0,1,1,1
"3074",0,1,1,1
"79611",NA,NA,NA,NA
"10606",1,1,1,1
"8706",NA,NA,NA,NA
"84532",0,1,1,1
"64841",0,1,0,0
"55577",1,1,1,1
"5238",0,1,0,0
"8705",NA,NA,NA,NA
"9487",NA,NA,NA,NA
"10317",NA,NA,NA,NA
"162417",NA,NA,NA,NA
"43",NA,NA,NA,NA
"6572",NA,NA,NA,NA
"84002",NA,NA,NA,NA
"47",1,1,1,1
"570",NA,NA,NA,NA
"3141",1,0,1,0
"54187",1,1,1,0
"140679",NA,NA,NA,NA
"26503",0,1,1,0
"54",0,1,1,0
"8424",NA,NA,NA,NA
"51205",0,1,1,0
"53630",NA,NA,NA,NA
"140838",0,1,1,0
"622",0,1,1,0
"36",1,1,1,1
"34",1,1,1,1
"84129",NA,NA,NA,NA
"23743",NA,NA,NA,NA
"80724",0,1,0,0
"635",1,1,1,1
"27034",0,1,0,0
"10599",NA,NA,NA,NA
"28976",1,1,1,1
"1244",NA,NA,NA,NA
"35",1,1,1,1
"3712",1,1,1,1
"1607",0,1,0,0
"8714",1,0,1,1
"28234",NA,NA,NA,NA
"644",1,1,1,1
"1468",0,1,0,1
"8402",1,1,1,1
"64849",NA,NA,NA,NA
"645",1,1,1,1
"9488",0,1,0,0
"1610",NA,NA,NA,NA
"10380",1,1,1,1
"686",0,1,0,1
"1645",0,1,0,0
"2745",1,1,1,1
"1109",NA,NA,NA,NA
"8884",0,0,1,1
"80704",NA,NA,NA,NA
"51022",NA,NA,NA,NA
"51733",NA,NA,NA,NA
"7108",1,0,1,0
"6718",0,0,1,1
"8528",NA,NA,NA,NA
"6510",0,1,0,1
"50814",0,1,1,0
"3295",1,0,0,1
"6307",0,0,1,1
"6509",1,1,1,1
"1632",1,1,1,1
"56301",NA,NA,NA,NA
"492",1,0,1,0
"10455",0,1,0,0
"490",1,0,0,0
"6520",1,1,0,0
"1633",1,1,1,1
"211",0,1,0,0
"493",1,0,0,0
"6319",0,1,0,1
"9415",1,1,1,1
"491",NA,NA,NA,NA
"23464",0,1,0,1
"3992",0,1,0,1
"212",NA,NA,NA,NA
"8694",1,0,0,0
"847",1,1,1,1
"84649",0,0,1,0
"1716",0,1,1,0
"6546",1,1,1,1
"6547",NA,NA,NA,NA
"54407",0,0,1,0
"6541",0,1,0,0
"6543",NA,NA,NA,NA
"6515",1,1,0,0
"59272",NA,NA,NA,NA
"84889",NA,NA,NA,NA
"6517",NA,NA,NA,NA
"81539",0,1,0,0
"340024",NA,NA,NA,NA
"6513",1,0,0,1
"55089",NA,NA,NA,NA
"1718",0,1,1,1
"2538",NA,NA,NA,NA
"1581",NA,NA,NA,NA
"57818",NA,NA,NA,NA
"92579",0,1,0,1
"1373",1,1,1,1
"873",1,1,1,1
"11254",NA,NA,NA,NA
"57393",NA,NA,NA,NA
"6542",NA,NA,NA,NA
"84706",1,0,1,0
"1717",0,1,1,1
"2875",NA,NA,NA,NA
"8560",0,1,1,1
"10423",0,0,1,1
"123099",NA,NA,NA,NA
"92745",0,0,0,1
"10991",NA,NA,NA,NA
"1040",NA,NA,NA,NA
"11309",1,1,1,1
"8760",1,1,1,1
"284273",0,0,1,1
"6783",0,1,0,0
"1723",0,0,1,0
"10327",1,1,1,1
"10390",0,1,0,1
"56994",0,1,0,0
"1807",NA,NA,NA,NA
"64781",1,1,1,1
"1809",NA,NA,NA,NA
"8854",0,1,0,0
"1808",1,1,1,1
"10087",0,1,1,1
"23539",NA,NA,NA,NA
"6565",NA,NA,NA,NA
"9023",NA,NA,NA,NA
"224",0,1,1,0
"501",1,0,0,0
"2224",0,1,1,1
"1103",NA,NA,NA,NA
"29958",NA,NA,NA,NA
"60386",0,0,1,1
"223",1,1,1,1
"216",1,0,0,0
"162466",0,0,1,1
"84920",0,1,1,0
"5130",0,1,0,0
"9468",NA,NA,NA,NA
"6579",NA,NA,NA,NA
"217",1,0,1,1
"219",0,1,0,1
"79087",0,1,0,1
"239",0,1,0,1
"6555",NA,NA,NA,NA
"6554",NA,NA,NA,NA
"26002",NA,NA,NA,NA
"1621",1,1,1,1
"8647",NA,NA,NA,NA
"247",1,1,1,1
"7299",NA,NA,NA,NA
"55349",1,1,1,1
"6530",NA,NA,NA,NA
"246",1,0,1,0
"6531",NA,NA,NA,NA
"6581",NA,NA,NA,NA
"240",1,0,0,0
"231",1,1,1,1
"8574",1,1,1,1
"23600",1,1,0,0
"1119",NA,NA,NA,NA
"1120",0,1,1,0
"5224",NA,NA,NA,NA
"60482",NA,NA,NA,NA
"6582",NA,NA,NA,NA
"115286",1,0,1,0
"5223",1,1,1,1
"6584",NA,NA,NA,NA
"669",0,1,0,0
"271",1,1,1,0
"6820",NA,NA,NA,NA
"4597",0,1,1,0
"51071",0,1,1,0
"10948",0,1,1,1
"19",1,1,1,1
"272",0,1,0,0
"1806",0,1,1,0
"270",NA,NA,NA,NA
"7083",0,1,0,0
"290",0,0,1,0
"1118",1,1,1,1
"7084",0,1,0,0
"54682",NA,NA,NA,NA
"27159",NA,NA,NA,NA
"3704",1,1,1,1
"279",0,1,0,0
"277",0,1,0,0
"1854",1,1,1,1
"10682",0,1,1,1
"9058",NA,NA,NA,NA
"276",0,1,0,0
"278",NA,NA,NA,NA
"1892",1,1,1,1
"549",0,1,0,1
"11136",NA,NA,NA,NA
"6519",NA,NA,NA,NA
"1962",1,0,0,1
"280",0,1,0,0
"6576",1,1,1,1
"1891",1,1,1,1
"1160",NA,NA,NA,NA
"11001",1,1,1,0
"1159",0,0,1,1
"548596",0,0,1,1
"1152",0,0,1,0
"1158",1,1,1,1
"5172",NA,NA,NA,NA
"65010",NA,NA,NA,NA
"10998",NA,NA,NA,NA
"113451",NA,NA,NA,NA
"53919",NA,NA,NA,NA
"9057",1,1,0,0
"384",0,0,0,1
"28231",NA,NA,NA,NA
"54675",NA,NA,NA,NA
"10257",0,1,1,0
"10559",0,1,1,0
"445",1,1,1,1
"28232",NA,NA,NA,NA
"55907",1,1,1,1
"2108",1,1,1,1
"8034",0,1,1,1
"2109",1,1,1,1
"83884",NA,NA,NA,NA
"10166",1,1,1,0
"8824",NA,NA,NA,NA
"410",1,0,0,1
"2110",1,0,0,0
"51805",0,1,0,1
"55500",0,1,0,1
"427",1,0,1,1
"55224",NA,NA,NA,NA
"51004",1,0,1,0
"10229",0,0,1,1
"9962",NA,NA,NA,NA
"2181",0,1,0,0
"9245",NA,NA,NA,NA
"2650",0,0,1,0
"51301",1,1,1,1
"2182",0,1,0,0
"9963",NA,NA,NA,NA
"2180",1,0,0,0
"192134",NA,NA,NA,NA
"386757",NA,NA,NA,NA
"80150",0,0,1,1
"51703",1,0,0,0
"81616",NA,NA,NA,NA
"23305",1,1,0,0
"440",0,0,1,1
"6535",NA,NA,NA,NA
"1384",0,1,0,0
"116285",NA,NA,NA,NA
"6583",1,1,1,1
"5167",1,1,1,1
"790",1,1,1,1
"5169",1,1,0,0
"54898",NA,NA,NA,NA
"6511",NA,NA,NA,NA
"1431",1,1,1,1
"6785",NA,NA,NA,NA
"6505",NA,NA,NA,NA
"54677",1,1,0,0
"60481",1,0,0,1
"6507",1,1,1,1
"79071",NA,NA,NA,NA
"1579",NA,NA,NA,NA
"6512",NA,NA,NA,NA
"2194",0,1,0,0
"6506",1,1,1,1
"376497",0,0,1,1
"10999",0,1,0,0
"525",NA,NA,NA,NA
"11000",0,1,0,1
"230",1,1,1,1
"226",1,1,1,1
"527",0,0,1,1
"8140",1,0,0,1
"229",1,1,1,1
"23545",0,1,0,1
"5207",NA,NA,NA,NA
"526",1,1,1,1
"23428",NA,NA,NA,NA
"5208",0,0,1,1
"1036",NA,NA,NA,NA
"245973",NA,NA,NA,NA
"5210",1,1,1,1
"8789",0,1,0,0
"5209",0,1,1,0
"124935",1,1,1,1
"2203",0,1,1,0
"2235",1,1,1,1
"23657",1,0,0,0
"57379",1,1,1,1
"2629",0,0,1,1
"10840",NA,NA,NA,NA
"26301",NA,NA,NA,NA
"79901",1,0,0,1
"978",1,1,1,1
"7371",1,0,1,0
"83549",0,0,1,1
"7915",0,1,1,0
"125061",1,1,1,1
"4329",1,1,1,1
"51727",1,1,1,1
"1719",1,0,0,1
"129607",0,1,0,1
"2356",1,0,0,1
"2731",1,1,0,0
"29988",1,1,1,1
"275",1,0,0,0
"2653",0,0,1,1
"1609",0,1,1,0
"155184",NA,NA,NA,NA
"2651",NA,NA,NA,NA
"6514",NA,NA,NA,NA
"6518",1,1,1,1
"8525",0,1,1,0
"66035",NA,NA,NA,NA
"55343",NA,NA,NA,NA
"7264",1,1,1,1
"160428",NA,NA,NA,NA
"8836",0,1,1,0
"4522",1,1,1,1
"25902",1,0,1,0
"1608",1,1,1,1
"79017",0,0,1,1
"2519",0,1,1,0
"2997",0,1,1,0
"160851",0,1,1,1
"9162",NA,NA,NA,NA
"2184",0,1,0,0
"8527",1,1,1,1
"8908",NA,NA,NA,NA
"2271",1,1,1,1
"2992",0,1,1,1
"2523",NA,NA,NA,NA
"8526",0,1,0,0
"2998",NA,NA,NA,NA
"2525",NA,NA,NA,NA
"2687",NA,NA,NA,NA
"6470",0,1,1,0
"1606",1,1,1,1
"6472",1,1,1,1
"10690",NA,NA,NA,NA
"9334",0,0,1,0
"8704",NA,NA,NA,NA
"2717",1,0,0,0
"8703",0,1,0,1
"2632",0,0,1,1
"2683",0,1,0,1
"2820",1,1,0,0
"5832",0,1,0,1
"2990",0,1,1,1
"9563",0,1,1,0
"8372",0,1,0,0
"3290",1,1,1,1
"2539",1,0,0,0
"3291",NA,NA,NA,NA
"3292",NA,NA,NA,NA
"26035",1,1,1,1
"2542",0,0,0,1
"2593",0,1,0,1
"54480",1,0,1,0
"2132",1,1,1,1
"7923",1,0,0,0
"3294",NA,NA,NA,NA
"2131",0,0,1,0
"51478",1,1,0,0
"9514",NA,NA,NA,NA
"3283",NA,NA,NA,NA
"2720",0,0,0,1
"3284",NA,NA,NA,NA
"27087",NA,NA,NA,NA
"4758",1,1,1,0
"80270",1,1,1,1
"57026",1,1,0,0
"5476",1,0,0,1
"135152",NA,NA,NA,NA
"2588",0,1,0,1
"26229",1,1,0,0
"2581",0,1,1,1
"4669",0,0,0,1
"3421",1,1,1,1
"2583",NA,NA,NA,NA
"55454",1,0,0,1
"3420",1,1,1,1
"3340",0,1,0,0
"8509",0,0,0,1
"9348",NA,NA,NA,NA
"55790",1,1,1,1
"64579",NA,NA,NA,NA
"3419",1,1,1,1
"79586",0,1,0,0
"3417",0,1,0,0
"2137",NA,NA,NA,NA
"3418",1,1,1,1
"22856",0,1,1,0
"337876",NA,NA,NA,NA
"7173",NA,NA,NA,NA
"2135",1,0,0,0
"2134",NA,NA,NA,NA
"55568",0,0,0,1
"56606",1,1,1,1
"2590",0,1,0,1
"154091",NA,NA,NA,NA
"3425",0,0,1,1
"2591",0,0,0,1
"144195",NA,NA,NA,NA
"11182",1,1,1,1
"114805",NA,NA,NA,NA
"6523",NA,NA,NA,NA
"587",1,1,1,1
"8693",1,0,0,0
"63917",NA,NA,NA,NA
"50614",NA,NA,NA,NA
"8501",NA,NA,NA,NA
"2589",0,1,1,0
"178",0,1,1,0
"51809",1,1,0,0
"55586",NA,NA,NA,NA
"114134",1,1,1,1
"117248",NA,NA,NA,NA
"11227",NA,NA,NA,NA
"6526",0,0,0,1
"11226",1,0,0,1
"79695",NA,NA,NA,NA
"79623",NA,NA,NA,NA
"3422",0,1,1,0
"91734",NA,NA,NA,NA
"26290",NA,NA,NA,NA
"81031",NA,NA,NA,NA
"126792",0,0,1,1
"5837",NA,NA,NA,NA
"5836",1,0,0,0
"5834",1,1,1,1
"160728",NA,NA,NA,NA
"8801",1,1,1,1
"11285",0,0,1,1
"8802",1,1,1,1
"2729",0,1,1,0
"8972",1,0,0,0
"2618",1,1,1,0
"2730",1,1,1,1
"8803",1,1,1,1
"10723",1,0,1,1
"9990",0,1,1,0
"2746",1,1,1,1
"6560",0,1,0,0
"2747",1,1,1,1
"5019",1,1,1,1
"10841",NA,NA,NA,NA
"57468",NA,NA,NA,NA
"3795",0,0,0,1
"1629",1,1,0,0
"27165",NA,NA,NA,NA
"594",0,0,1,1
"2744",1,1,1,1
"8564",0,1,0,1
"3938",NA,NA,NA,NA
"593",1,1,0,0
"26873",1,1,1,1
"79751",1,0,1,1
"83733",NA,NA,NA,NA
"4942",0,1,1,0
"2639",1,1,0,1
"53",0,1,1,0
"3931",1,0,0,0
"7372",0,1,1,0
"57084",NA,NA,NA,NA
"1811",NA,NA,NA,NA
"246213",NA,NA,NA,NA
"57030",NA,NA,NA,NA
"387775",NA,NA,NA,NA
"10861",NA,NA,NA,NA
"1836",0,0,1,1
"124637",NA,NA,NA,NA
"51179",NA,NA,NA,NA
"54363",NA,NA,NA,NA
"366",1,1,1,1
"1583",1,1,1,1
"2628",1,0,0,0
"1584",NA,NA,NA,NA
"1585",NA,NA,NA,NA
"11283",1,1,1,1
"9380",1,1,1,1
"1586",NA,NA,NA,NA
"2713",NA,NA,NA,NA
"4047",0,1,0,1
"1588",NA,NA,NA,NA
"29124",NA,NA,NA,NA
"5321",0,1,0,1
"2710",1,1,0,0
"1576",NA,NA,NA,NA
"2712",1,1,1,1
"1178",1,0,1,0
"51268",NA,NA,NA,NA
"1056",NA,NA,NA,NA
"3029",1,1,1,1
"6536",NA,NA,NA,NA
"1589",NA,NA,NA,NA
"1593",0,1,0,0
"3990",NA,NA,NA,NA
"1548",NA,NA,NA,NA
"80339",NA,NA,NA,NA
"4023",1,1,1,1
"5226",1,1,1,1
"1553",NA,NA,NA,NA
"11343",1,0,0,0
"1562",NA,NA,NA,NA
"27232",NA,NA,NA,NA
"1558",NA,NA,NA,NA
"57678",NA,NA,NA,NA
"50487",NA,NA,NA,NA
"284098",NA,NA,NA,NA
"1559",NA,NA,NA,NA
"93183",1,1,1,1
"9227",1,1,1,1
"1565",1,1,1,1
"54965",0,0,0,1
"1572",NA,NA,NA,NA
"51302",NA,NA,NA,NA
"2936",1,1,1,1
"6309",NA,NA,NA,NA
"64816",NA,NA,NA,NA
"4048",1,1,1,1
"1577",NA,NA,NA,NA
"4056",1,1,1,1
"5052",1,1,1,1
"7001",1,1,1,1
"1551",NA,NA,NA,NA
"4259",1,1,1,1
"10858",NA,NA,NA,NA
"2876",1,1,1,1
"66002",1,1,1,1
"8529",NA,NA,NA,NA
"2879",1,1,1,1
"4258",1,1,0,0
"4051",0,1,0,1
"9420",1,1,1,1
"1582",NA,NA,NA,NA
"2877",NA,NA,NA,NA
"5831",0,1,0,0
"2878",1,0,0,0
"2954",0,1,0,1
"257202",NA,NA,NA,NA
"2882",1,0,0,0
"5048",1,1,1,1
"2548",1,0,1,0
"10935",1,1,1,1
"5051",0,1,0,1
"5050",1,1,1,1
"2937",0,1,1,1
"5049",1,1,1,1
"64087",1,1,1,1
"7941",1,1,1,1
"56922",1,1,0,0
"23417",0,0,1,1
"2678",0,1,1,0
"347734",0,1,1,1
"57194",NA,NA,NA,NA
"5337",0,0,0,1
"4357",0,1,1,0
"5338",1,1,1,1
"2679",NA,NA,NA,NA
"4190",1,1,1,1
"130013",NA,NA,NA,NA
"4191",1,1,1,1
"4200",1,1,1,1
"4881",NA,NA,NA,NA
"5091",0,1,1,1
"4882",NA,NA,NA,NA
"2984",NA,NA,NA,NA
"2974",NA,NA,NA,NA
"2982",1,1,1,1
"2986",NA,NA,NA,NA
"4199",0,1,0,0
"10873",0,0,1,0
"3620",0,0,1,0
"2983",0,1,1,1
"3000",1,1,1,1
"1557",NA,NA,NA,NA
"1545",0,1,0,1
"5244",NA,NA,NA,NA
"2977",NA,NA,NA,NA
"1543",0,0,1,0
"1544",NA,NA,NA,NA
"9615",NA,NA,NA,NA
"4144",1,1,1,1
"4143",1,1,1,1
"5150",0,0,1,0
"27430",1,1,1,1
"4548",0,1,0,1
"763",NA,NA,NA,NA
"5143",NA,NA,NA,NA
"11238",0,1,0,1
"4598",1,1,1,0
"5137",0,1,0,0
"3636",0,1,1,1
"5151",NA,NA,NA,NA
"23556",0,1,0,0
"55650",NA,NA,NA,NA
"3635",1,1,1,1
"3633",0,0,1,0
"8867",0,1,1,1
"5140",1,1,0,0
"27124",NA,NA,NA,NA
"53905",NA,NA,NA,NA
"50506",NA,NA,NA,NA
"5142",NA,NA,NA,NA
"343",NA,NA,NA,NA
"5281",NA,NA,NA,NA
"3632",0,0,1,0
"10846",NA,NA,NA,NA
"84720",1,1,1,0
"56623",NA,NA,NA,NA
"5141",1,1,1,1
"8622",NA,NA,NA,NA
"3628",0,1,1,1
"3707",0,1,0,0
"80235",NA,NA,NA,NA
"5144",1,0,0,0
"3706",NA,NA,NA,NA
"5153",NA,NA,NA,NA
"80271",0,0,0,1
"94005",0,1,1,0
"27115",NA,NA,NA,NA
"128869",0,1,1,0
"51477",0,1,0,0
"10026",0,1,0,1
"5138",1,1,1,1
"51604",0,1,0,0
"3631",0,1,1,0
"5139",0,1,0,0
"8821",1,1,1,1
"50940",NA,NA,NA,NA
"2595",1,0,0,1
"84693",0,1,1,0
"8733",0,1,1,0
"5136",NA,NA,NA,NA
"4594",1,1,1,0
"3028",1,1,1,1
"5152",NA,NA,NA,NA
"3033",1,1,1,1
"3037",NA,NA,NA,NA
"80168",NA,NA,NA,NA
"116255",NA,NA,NA,NA
"5146",NA,NA,NA,NA
"4507",1,1,1,1
"3038",NA,NA,NA,NA
"3036",NA,NA,NA,NA
"27235",NA,NA,NA,NA
"6521",1,0,1,0
"83697",NA,NA,NA,NA
"10797",0,1,0,1
"56913",1,0,1,0
"443",NA,NA,NA,NA
"91703",1,1,1,1
"6522",1,1,0,0
"6508",NA,NA,NA,NA
"5145",NA,NA,NA,NA
"4668",0,0,1,1
"9498",NA,NA,NA,NA
"57282",1,1,1,1
"6528",NA,NA,NA,NA
"3098",1,1,1,1
"80201",NA,NA,NA,NA
"8654",0,1,0,1
"2645",NA,NA,NA,NA
"483",1,1,1,1
"3101",1,1,0,0
"5149",1,1,1,1
"478",0,1,0,0
"480",NA,NA,NA,NA
"481",0,1,0,0
"3099",1,0,0,0
"5147",0,0,1,1
"482",NA,NA,NA,NA
"476",1,1,1,1
"477",1,0,0,1
"23439",NA,NA,NA,NA
"3081",1,1,1,1
"11112",1,1,1,1
"3067",1,1,1,1
"6549",NA,NA,NA,NA
"6550",NA,NA,NA,NA
"5148",NA,NA,NA,NA
"496",NA,NA,NA,NA
"6548",0,0,1,0
"495",1,1,1,1
"55748",1,1,1,1
"5158",NA,NA,NA,NA
"84735",0,1,0,0
"6559",NA,NA,NA,NA
"8942",0,0,1,1
"5162",1,1,1,1
"3157",1,1,0,0
"5161",NA,NA,NA,NA
"123041",NA,NA,NA,NA
"1737",1,1,1,1
"3158",NA,NA,NA,NA
"5160",1,1,1,1
"55163",0,1,1,0
"25769",NA,NA,NA,NA
"54511",NA,NA,NA,NA
"10396",0,0,1,0
"57419",NA,NA,NA,NA
"9187",NA,NA,NA,NA
"5105",NA,NA,NA,NA
"124583",0,1,1,0
"3155",1,1,1,1
"5106",1,0,1,1
"3162",0,1,1,1
"3163",1,1,1,1
"79077",0,1,0,1
"8310",0,0,1,0
"9583",0,1,0,0
"26062",NA,NA,NA,NA
"197257",0,1,0,0
"5833",0,1,1,1
"1841",1,1,1,1
"10400",NA,NA,NA,NA
"6448",0,0,1,1
"29922",0,0,1,0
"26227",1,1,1,0
"10201",0,1,0,0
"5730",1,1,1,1
"4830",0,1,0,1
"27306",1,1,1,1
"80142",1,1,0,0
"4831",1,1,1,1
"4832",0,1,1,0
"200576",1,0,1,0
"8396",0,1,1,1
"9536",1,1,1,1
"4833",1,1,1,1
"6005",1,1,1,1
"79837",0,1,1,0
"5740",1,1,1,1
"5289",0,1,0,0
"57127",NA,NA,NA,NA
"6557",NA,NA,NA,NA
"5277",NA,NA,NA,NA
"114971",1,1,0,0
"6558",0,1,1,0
"349565",0,0,1,0
"9489",0,1,0,0
"64802",1,0,1,1
"23057",NA,NA,NA,NA
"8818",NA,NA,NA,NA
"5743",0,1,0,0
"5742",1,0,1,0
"10135",0,1,0,0
"6898",NA,NA,NA,NA
"5053",NA,NA,NA,NA
"5283",NA,NA,NA,NA
"5264",NA,NA,NA,NA
"4837",NA,NA,NA,NA
"5409",NA,NA,NA,NA
"5728",0,1,1,1
"645740",NA,NA,NA,NA
"8871",0,1,0,0
"51227",NA,NA,NA,NA
"8395",1,0,0,0
"9091",0,1,0,0
"4842",NA,NA,NA,NA
"23396",0,1,0,0
"4843",NA,NA,NA,NA
"5279",NA,NA,NA,NA
"8394",1,1,0,0
"55361",1,1,0,0
"201288",NA,NA,NA,NA
"4846",NA,NA,NA,NA
"5297",0,1,1,0
"4860",1,1,1,1
"5298",0,1,1,0
"5294",0,1,1,0
"123745",NA,NA,NA,NA
"5290",0,1,1,0
"6580",NA,NA,NA,NA
"5295",1,1,1,1
"10870",0,1,0,0
"55808",NA,NA,NA,NA
"5251",1,0,0,0
"5320",NA,NA,NA,NA
"8503",NA,NA,NA,NA
"30833",0,1,1,0
"81579",NA,NA,NA,NA
"56953",NA,NA,NA,NA
"23533",0,1,0,1
"8398",0,0,0,1
"5296",NA,NA,NA,NA
"5322",NA,NA,NA,NA
"4907",0,0,1,0
"5291",0,1,1,0
"5293",0,1,1,0
"6476",NA,NA,NA,NA
"5009",NA,NA,NA,NA
"4952",0,0,0,1
"64600",NA,NA,NA,NA
"64064",NA,NA,NA,NA
"23236",1,1,1,1
"100137049",NA,NA,NA,NA
"30814",NA,NA,NA,NA
"26279",1,1,1,1
"5335",1,1,1,1
"8399",NA,NA,NA,NA
"5332",1,1,1,1
"257068",NA,NA,NA,NA
"5319",NA,NA,NA,NA
"6489",NA,NA,NA,NA
"5336",0,0,1,0
"23007",NA,NA,NA,NA
"29906",NA,NA,NA,NA
"5334",0,1,1,0
"10654",1,1,1,0
"9651",1,1,0,0
"9807",0,1,1,0
"412",0,0,0,1
"51196",NA,NA,NA,NA
"117283",NA,NA,NA,NA
"5331",0,1,0,0
"84812",NA,NA,NA,NA
"5330",1,1,1,1
"6391",0,1,1,1
"113026",NA,NA,NA,NA
"6392",0,0,1,1
"6390",1,1,1,1
"51447",NA,NA,NA,NA
"5333",1,1,0,0
"6389",1,1,1,1
"6821",1,1,1,1
"89869",0,0,0,1
"6533",0,0,1,0
"5288",NA,NA,NA,NA
"55350",NA,NA,NA,NA
"5092",0,1,0,0
"5287",0,1,1,0
"23530",1,1,1,1
"5286",0,1,0,0
"8876",0,1,0,1
"79178",0,1,0,0
"5305",1,1,1,1
"8875",0,1,1,0
"64499",1,1,1,1
"6567",NA,NA,NA,NA
"7177",1,1,1,1
"1890",1,1,1,1
"27068",1,1,1,1
"1636",0,1,0,1
"9365",NA,NA,NA,NA
"9331",NA,NA,NA,NA
"55217",0,1,0,1
"7368",1,1,1,1
"7296",1,1,1,1
"8613",NA,NA,NA,NA
"5315",1,1,1,1
"8611",0,0,1,0
"26063",1,1,1,1
"8612",NA,NA,NA,NA
"1666",1,1,1,1
"874",1,1,1,1
"5498",1,1,0,0
"11181",NA,NA,NA,NA
"10901",1,1,1,0
"126410",1,1,1,1
"80162",0,1,0,1
"7166",NA,NA,NA,NA
"8288",0,1,1,1
"2053",0,1,1,0
"9588",1,1,1,1
"121278",NA,NA,NA,NA
"8897",0,1,1,1
"4353",1,1,1,1
"8898",0,1,1,0
"169355",NA,NA,NA,NA
"6999",NA,NA,NA,NA
"2880",NA,NA,NA,NA
"5625",NA,NA,NA,NA
"9152",NA,NA,NA,NA
"6578",NA,NA,NA,NA
"6561",NA,NA,NA,NA
"9497",0,0,1,1
"115584",NA,NA,NA,NA
"6575",NA,NA,NA,NA
"6916",1,0,0,0
"23761",1,1,1,0
"6574",1,1,1,1
"7054",NA,NA,NA,NA
"142680",NA,NA,NA,NA
"9791",0,1,0,0
"6534",NA,NA,NA,NA
"81490",1,1,0,0
"10005",1,0,0,0
"3293",NA,NA,NA,NA
"1622",1,1,1,1
"225",0,0,1,0
"10965",1,1,1,0
"28965",NA,NA,NA,NA
"122970",NA,NA,NA,NA
"10020",0,1,1,0
"23205",1,1,1,1
"5805",NA,NA,NA,NA
"26061",1,0,1,0
"112483",0,0,0,1
"6303",NA,NA,NA,NA
"29880",1,1,0,0
"54716",NA,NA,NA,NA
"7355",NA,NA,NA,NA
"6564",NA,NA,NA,NA
"8566",1,1,1,1
"113235",1,1,1,1
"151531",NA,NA,NA,NA
"1200",1,1,1,1
"2168",1,1,1,1
"7358",0,1,1,0
"23169",1,1,1,1
"51056",1,1,1,1
"7378",1,1,0,0
"9390",NA,NA,NA,NA
"80146",1,0,1,1
"5184",1,1,1,1
"4891",NA,NA,NA,NA
"5168",1,1,1,1
"2944",1,0,0,0
"30061",NA,NA,NA,NA
"84912",NA,NA,NA,NA
"248",NA,NA,NA,NA
"64080",0,0,1,0
"4524",0,1,1,0
"3906",NA,NA,NA,NA
"65263",NA,NA,NA,NA
"8608",NA,NA,NA,NA
"25796",1,1,1,1
"5959",NA,NA,NA,NA
"7357",0,1,0,1
"28982",1,1,1,1
"6120",0,1,1,1
"11046",NA,NA,NA,NA
"54576",NA,NA,NA,NA
"54575",NA,NA,NA,NA
"51109",1,1,1,1
"157506",1,1,1,1
"54578",NA,NA,NA,NA
"54579",NA,NA,NA,NA
"10864",NA,NA,NA,NA
"9356",NA,NA,NA,NA
"54657",NA,NA,NA,NA
"195814",NA,NA,NA,NA
"9376",NA,NA,NA,NA
"112724",1,0,0,1
"50700",NA,NA,NA,NA
"54658",NA,NA,NA,NA
"348932",NA,NA,NA,NA
"54659",NA,NA,NA,NA
"54577",NA,NA,NA,NA
"57665",1,1,1,1
"120103",NA,NA,NA,NA
"1080",NA,NA,NA,NA
"85320",NA,NA,NA,NA
"145226",NA,NA,NA,NA
"54600",NA,NA,NA,NA
"222962",NA,NA,NA,NA
"8228",1,1,1,1
"113278",NA,NA,NA,NA
"10351",NA,NA,NA,NA
"54981",1,1,1,0
"7364",NA,NA,NA,NA
"9429",NA,NA,NA,NA
"7367",NA,NA,NA,NA
"55867",NA,NA,NA,NA
"54490",NA,NA,NA,NA
"364",NA,NA,NA,NA
"7366",NA,NA,NA,NA
"6482",0,1,0,0
"360",NA,NA,NA,NA
"6484",1,1,1,1
"7363",NA,NA,NA,NA
"89872",NA,NA,NA,NA
"7365",NA,NA,NA,NA
"6483",0,0,1,1
"21",NA,NA,NA,NA
"10720",NA,NA,NA,NA
"24",NA,NA,NA,NA
"54963",1,0,0,0
"10057",1,1,1,1
"125206",NA,NA,NA,NA
"7498",NA,NA,NA,NA
"10090",NA,NA,NA,NA
"200010",NA,NA,NA,NA
"9653",1,1,0,0
"9942",0,0,0,1
"6524",NA,NA,NA,NA
"159963",NA,NA,NA,NA
"64131",1,1,1,1
"55065",1,1,1,1
"64132",0,1,0,0
"3423",0,1,0,1
"79581",1,1,1,1
"10060",NA,NA,NA,NA
"9957",NA,NA,NA,NA
"51181",1,1,1,1
"6833",NA,NA,NA,NA
"9951",NA,NA,NA,NA
"3764",NA,NA,NA,NA
"222537",NA,NA,NA,NA
"64077",1,1,1,1
"3767",NA,NA,NA,NA
"5464",1,1,1,1
"64220",NA,NA,NA,NA
"10724",0,1,1,1
"5950",1,0,1,1
"1356",1,1,1,1
"2495",1,0,0,1
"9956",NA,NA,NA,NA
"5947",NA,NA,NA,NA
"9955",NA,NA,NA,NA
"2512",0,1,0,1
"94033",NA,NA,NA,NA
"5948",NA,NA,NA,NA
"29881",NA,NA,NA,NA
"1727",1,1,1,1
"9953",NA,NA,NA,NA
"64711",NA,NA,NA,NA
"949",1,1,1,1
"2350",0,1,0,0
"55501",0,1,0,0
"51706",1,1,1,1
"3248",0,1,0,0
"51700",1,1,1,1
"166929",NA,NA,NA,NA
"10587",0,1,0,1
"166012",NA,NA,NA,NA
"113189",0,0,1,1
"56261",0,1,1,1
"50515",1,1,1,1
"80347",1,1,1,0
"3658",0,1,0,0
"93034",NA,NA,NA,NA
"84618",NA,NA,NA,NA
"411",1,0,1,0
"203",1,1,0,0
"22978",0,1,1,0
"122481",NA,NA,NA,NA
"100526794",NA,NA,NA,NA
"159",1,1,1,1
"51251",0,1,0,1
"23563",NA,NA,NA,NA
"122622",NA,NA,NA,NA
"10164",NA,NA,NA,NA
"353",1,1,1,1
"11212",1,1,1,1
"3251",1,1,1,1
"383",0,0,1,1
"9435",1,1,1,1
"1371",1,0,1,0
"4166",NA,NA,NA,NA
"56954",1,1,1,1
"1503",0,1,1,0
"9469",NA,NA,NA,NA
"56474",0,1,0,0
"8534",NA,NA,NA,NA
"1491",0,0,0,1
"5313",0,0,0,1
"92086",NA,NA,NA,NA
"2987",0,1,0,0
"56548",0,1,0,0
"5860",1,1,1,1
"9394",NA,NA,NA,NA
"728441",NA,NA,NA,NA
"124975",NA,NA,NA,NA
"9453",0,1,0,0
"2686",0,0,0,1
"2023",1,1,1,1
"2027",1,1,1,1
"90161",NA,NA,NA,NA
"91227",NA,NA,NA,NA
"2026",1,1,1,1
"102724197",NA,NA,NA,NA
"266722",NA,NA,NA,NA
"9843",NA,NA,NA,NA
"2799",0,1,0,1
"80308",0,1,1,1
"10157",1,0,1,1
"118881",0,1,0,0
"5211",1,1,1,1
"7360",1,1,1,1
"2819",NA,NA,NA,NA
"3176",0,0,0,1
"26330",NA,NA,NA,NA
"1757",1,1,0,0
"81537",1,0,0,0
"2597",1,1,1,1
"29926",0,1,0,0
"2673",0,1,1,0
"9945",1,1,1,1
"6652",1,1,1,0
"29925",0,1,1,0
"51557",0,1,1,0
"875",NA,NA,NA,NA
"6342",1,1,1,1
"2752",0,1,1,0
"102724560",1,1,1,1
"1800",NA,NA,NA,NA
"249",0,0,1,1
"9056",1,1,1,1
"2762",0,1,1,0
"10558",1,0,0,1
"2643",0,1,0,1
"22934",0,1,1,0
"761",1,1,1,1
"51292",0,1,1,0
"55304",NA,NA,NA,NA
"766",NA,NA,NA,NA
"9517",1,1,0,0
"2098",1,1,1,1
"8879",1,1,0,0
"2766",1,0,1,0
"771",1,1,1,1
"4284",NA,NA,NA,NA
"57571",1,1,0,0
"8869",NA,NA,NA,NA
"362",NA,NA,NA,NA
"358",1,1,1,1
"8833",0,1,1,1
"641371",1,1,0,0
"361",NA,NA,NA,NA
"5538",1,1,1,1
"56848",1,1,1,1
"359",NA,NA,NA,NA
"8877",1,1,1,1
"3145",0,1,0,1
"9374",NA,NA,NA,NA
"11332",1,1,0,0
"586",0,1,0,0
"55825",1,0,0,0
"130752",NA,NA,NA,NA
"51102",0,1,1,0
"3615",1,1,1,1
"3614",1,1,0,0
"37",1,1,1,1
"55512",1,1,1,1
"55627",0,1,1,0
"33",NA,NA,NA,NA
"682",1,0,0,0
"132158",NA,NA,NA,NA
"339221",NA,NA,NA,NA
"6609",0,1,1,0
"641649",NA,NA,NA,NA
"4351",0,1,1,1
"23475",1,1,1,1
"6610",0,0,1,1
"100287639",NA,NA,NA,NA
"259230",1,1,1,1
"93100",0,1,0,1
"441024",NA,NA,NA,NA
"50484",0,0,1,1
"65220",0,0,1,0
"6241",0,0,1,1
"116369",NA,NA,NA,NA
"115111",NA,NA,NA,NA
"389015",NA,NA,NA,NA
"6240",1,1,0,0
"6553",NA,NA,NA,NA
"3156",0,0,1,0
"284129",NA,NA,NA,NA
"2821",1,1,1,1
"115019",NA,NA,NA,NA
"5230",1,1,1,1
"79966",0,0,1,1
"5232",NA,NA,NA,NA
"375056",1,0,0,0
"10588",0,1,1,0
"5236",1,1,1,1
"26266",NA,NA,NA,NA
"84890",0,1,1,0
"55276",1,1,1,1
"6646",0,1,0,0
"5372",1,0,1,0
"6649",NA,NA,NA,NA
"55229",0,1,1,0
"5373",0,1,1,1
"79646",0,0,0,1
"80025",1,1,1,0
"53354",NA,NA,NA,NA
"6648",1,1,1,1
"6647",1,1,1,1
"6697",1,0,0,0
"6611",0,1,1,1
"83594",1,0,0,0
"7263",0,1,0,0
"26275",1,1,0,0
"6723",1,1,1,1
"6713",0,1,0,0
"2222",1,0,1,0
"210",1,1,1,1
"29920",1,1,0,0
"6715",NA,NA,NA,NA
"60490",1,1,1,0
"6716",NA,NA,NA,NA
"79717",0,1,1,0
"15",NA,NA,NA,NA
"7389",0,1,1,0
"58510",NA,NA,NA,NA
"1595",1,0,1,0
"130367",NA,NA,NA,NA
"6532",1,0,0,0
"153201",NA,NA,NA,NA
"10478",0,1,0,1
"221823",NA,NA,NA,NA
"23443",0,0,1,1
"5634",0,1,1,0
"64240",NA,NA,NA,NA
"6487",NA,NA,NA,NA
"5631",1,1,1,1
"29968",0,1,0,0
"64241",NA,NA,NA,NA
"284111",NA,NA,NA,NA
"8781",NA,NA,NA,NA
"8435",NA,NA,NA,NA
"5723",1,1,0,0
"3988",0,1,1,0
"55312",0,1,0,1
"6888",1,1,1,1
"79896",0,0,1,1
"8277",NA,NA,NA,NA
"768",NA,NA,NA,NA
"84076",NA,NA,NA,NA
"762",0,0,0,1
"765",NA,NA,NA,NA
"7086",1,1,1,1
"10402",0,0,0,1
"27010",0,0,1,0
"286016",NA,NA,NA,NA
"10610",NA,NA,NA,NA
"23632",NA,NA,NA,NA
"7167",1,1,1,1
"760",0,1,1,0
"256435",NA,NA,NA,NA
"2582",0,1,0,0
"30815",NA,NA,NA,NA
"81849",NA,NA,NA,NA
"767",1,0,0,0
"759",1,1,1,1
"91373",0,1,0,0
"377677",1,1,1,1
"31",0,1,0,0
"6675",0,1,0,0
"6556",1,0,0,0
"7390",0,0,1,1
"6563",NA,NA,NA,NA
"8170",NA,NA,NA,NA
"6568",NA,NA,NA,NA
"374569",NA,NA,NA,NA
"7779",1,0,1,0
"54020",1,1,1,1
"100507855",0,0,1,1
"285440",NA,NA,NA,NA
"55191",0,1,1,0
"132",1,1,1,1
"97",0,0,1,1
"98",0,1,0,0
"112611",NA,NA,NA,NA
"51005",0,1,0,1
"471",1,1,1,1
"435",1,0,0,1
"171425",1,0,1,1
"132789",0,1,1,0
"10007",1,1,1,1
"2585",0,1,1,0
"2584",0,1,1,1
"2592",0,0,1,1
"5471",0,1,1,0
"84264",NA,NA,NA,NA
"3034",0,0,1,1
"144193",NA,NA,NA,NA
"2739",1,1,1,1
"8776",0,1,1,0
"3612",1,1,1,1
"3613",1,0,0,1
"2978",NA,NA,NA,NA
"4953",NA,NA,NA,NA
"5213",1,0,1,0
"5214",1,1,1,1
"10050",NA,NA,NA,NA
"10786",NA,NA,NA,NA
"10246",NA,NA,NA,NA
"6569",NA,NA,NA,NA
"10568",1,0,0,0
"5198",0,1,1,0
"113675",0,0,0,1
"7298",0,0,1,1
"215",1,0,0,0
"5825",0,1,0,1
"641372",NA,NA,NA,NA
"9045",1,1,1,1
"4017",NA,NA,NA,NA
"84105",0,1,0,1
"25830",NA,NA,NA,NA
"84569",NA,NA,NA,NA
"4025",NA,NA,NA,NA
"54995",0,1,0,0
"93492",NA,NA,NA,NA
"1267",0,1,1,0
"10249",0,1,1,0
"1549",NA,NA,NA,NA
"1580",NA,NA,NA,NA
"1573",NA,NA,NA,NA
"29785",0,1,0,0
"199974",NA,NA,NA,NA
"57834",NA,NA,NA,NA
"1555",NA,NA,NA,NA
"260293",NA,NA,NA,NA
"1215",1,1,1,1
"57094",NA,NA,NA,NA
"1357",NA,NA,NA,NA
"1358",NA,NA,NA,NA
"93979",NA,NA,NA,NA
"23430",NA,NA,NA,NA
"7384",1,1,1,1
"7388",0,0,1,1
"7386",1,1,1,1
"29796",1,1,1,1
"7385",1,1,1,1
"1537",1,1,1,1
"9481",NA,NA,NA,NA
"9016",NA,NA,NA,NA
"7352",NA,NA,NA,NA
"7351",1,1,1,1
"4726",1,1,1,1
"4729",1,1,1,1
"4541",1,0,0,0
"4719",1,1,1,1
"4713",1,1,1,1
"4718",1,0,1,1
"7991",NA,NA,NA,NA
"126328",1,1,1,1
"4539",NA,NA,NA,NA
"4731",1,0,0,0
"4694",1,1,1,1
"4705",1,1,1,1
"4704",1,1,1,1
"4695",1,1,1,1
"4696",1,0,0,0
"4707",1,1,1,1
"4711",1,1,1,1
"4712",1,0,0,0
"4702",1,1,1,1
"4537",0,0,1,1
"4710",1,1,1,1
"4700",1,1,1,1
"4538",0,1,1,1
"4708",0,1,0,1
"4709",1,1,1,1
"4715",1,1,1,1
"4535",1,1,1,0
"131669",NA,NA,NA,NA
"79644",1,1,1,1
"5973",1,1,0,0
"4698",1,1,1,1
"55967",1,1,1,1
"1646",NA,NA,NA,NA
"4701",1,1,1,1
"4540",0,1,0,0
"1635",0,1,1,0
"158160",NA,NA,NA,NA
"286297",NA,NA,NA,NA
"10560",NA,NA,NA,NA
"4717",0,1,0,0
"374291",1,0,1,1
"8630",NA,NA,NA,NA
"4724",1,1,1,1
"4723",1,1,1,1
"191",1,1,1,1
"10768",1,1,1,1
"51170",1,1,1,1
"51144",1,1,1,1
"83401",NA,NA,NA,NA
"25874",0,1,1,1
"4720",1,1,1,1
"79993",1,1,1,1
"4697",1,1,1,1
"4728",1,1,1,1
"51660",1,1,1,1
"64834",1,1,0,0
"57198",0,1,0,0
"4725",1,1,1,1
"201562",0,0,1,1
"5205",NA,NA,NA,NA
"51495",1,1,1,1
"23250",1,0,0,0
"4706",1,1,1,1
"9200",1,1,1,1
"192286",1,0,0,1
"286410",0,1,1,0
"401494",1,1,0,0
"5243",1,1,0,0
"55856",1,1,1,1
"9524",1,1,1,1
"54539",1,0,0,0
"7350",NA,NA,NA,NA
"253017",NA,NA,NA,NA
"4716",1,1,1,1
"283985",NA,NA,NA,NA
"3995",NA,NA,NA,NA
"4536",1,0,0,0
"26027",1,1,0,0
"10058",1,1,1,1
"1155",1,1,1,1
"4714",0,1,1,1
"4722",1,1,1,1
"123096",0,1,0,0
"51079",1,1,1,1
"51458",NA,NA,NA,NA
"948",1,1,0,0
"114571",NA,NA,NA,NA
"1339",NA,NA,NA,NA
"57016",NA,NA,NA,NA
"10928",0,1,0,0
"79707",0,1,0,0
"1728",1,1,1,1
"1345",1,1,1,1
"79672",1,1,1,0
"1329",1,1,1,1
"2946",0,0,1,0
"9917",0,1,1,0
"55331",1,1,1,1
"341947",NA,NA,NA,NA
"125965",NA,NA,NA,NA
"55277",NA,NA,NA,NA
"125981",NA,NA,NA,NA
"340485",NA,NA,NA,NA
"64122",0,1,1,1
"1327",1,1,1,1
"92370",NA,NA,NA,NA
"4513",1,1,1,1
"2760",0,0,1,1
"1346",NA,NA,NA,NA
"93650",NA,NA,NA,NA
"5660",1,1,1,1
"390928",NA,NA,NA,NA
"57704",1,0,0,0
"4759",NA,NA,NA,NA
"1347",1,1,1,1
"139596",1,1,0,0
"1337",1,0,0,0
"55066",1,0,0,1
"4514",0,1,1,1
"10825",1,1,1,1
"283208",NA,NA,NA,NA
"7903",1,1,1,1
"1351",0,1,1,1
"84701",NA,NA,NA,NA
"5033",0,0,0,1
"1350",1,1,1,1
"8974",0,0,1,1
"4512",0,1,0,0
"8513",NA,NA,NA,NA
"58478",0,1,1,1
"55256",0,1,1,1
"5408",NA,NA,NA,NA
"170712",NA,NA,NA,NA
"259307",1,0,0,0
"9377",1,1,1,1
"51312",NA,NA,NA,NA
"9167",1,1,1,0
"1340",1,1,1,1
"57104",0,0,1,0
"81894",NA,NA,NA,NA
"13",NA,NA,NA,NA
"1349",NA,NA,NA,NA
"29085",1,1,1,1
"9388",1,1,1,1
"5407",NA,NA,NA,NA
"9107",0,1,1,1
"22908",1,1,1,1
"163404",NA,NA,NA,NA
"3991",1,0,1,0
"22876",0,0,1,1
"221955",0,0,1,0
"5406",NA,NA,NA,NA
"9896",1,0,1,0
"747",NA,NA,NA,NA
"51559",1,0,1,0
"119548",NA,NA,NA,NA
"646486",NA,NA,NA,NA
"9108",NA,NA,NA,NA
"84814",NA,NA,NA,NA
"23371",NA,NA,NA,NA
"2167",1,1,1,1
"2172",NA,NA,NA,NA
"8446",0,1,0,1
"2173",NA,NA,NA,NA
"51496",0,1,1,0
"374462",NA,NA,NA,NA
"2169",NA,NA,NA,NA
"403313",0,0,1,0
"23203",0,1,1,1
"2171",1,1,1,1
"145553",0,1,0,0
"646480",NA,NA,NA,NA
"2170",0,1,1,0
"64419",0,1,1,0
"54988",NA,NA,NA,NA
"55613",NA,NA,NA,NA
"341392",NA,NA,NA,NA
"138639",NA,NA,NA,NA
"9562",1,0,0,0
"123876",NA,NA,NA,NA
"3705",0,0,0,1
"6296",1,0,0,0
"138429",NA,NA,NA,NA
"348158",NA,NA,NA,NA
"344967",NA,NA,NA,NA
"10170",1,1,1,1
"9249",0,0,0,1
"220074",NA,NA,NA,NA
"51099",1,0,0,0
"154141",0,1,0,0
"1733",NA,NA,NA,NA
"253558",1,0,1,0
"64748",NA,NA,NA,NA
"23175",1,1,0,1
"1735",NA,NA,NA,NA
"1734",NA,NA,NA,NA
"27284",0,1,1,0
"6819",1,1,1,1
"84513",NA,NA,NA,NA
"79948",NA,NA,NA,NA
"84274",1,0,1,0
"9890",NA,NA,NA,NA
"84787",1,1,0,0
"79813",1,0,0,1
"64900",NA,NA,NA,NA
"9663",0,1,0,1
"9757",0,1,0,0
"196051",NA,NA,NA,NA
"9869",0,1,1,0
"85465",NA,NA,NA,NA
"23646",1,0,1,1
"122618",0,0,1,1
"29072",0,0,0,1
"201164",1,1,1,1
"590",1,1,1,1
"80854",1,0,0,0
"55750",1,1,1,1
"387893",1,1,1,1
"84444",1,0,0,0
"4297",0,1,0,1
"91012",0,1,0,0
"204219",NA,NA,NA,NA
"10715",NA,NA,NA,NA
"58508",0,1,0,0
"253782",0,1,1,0
"55870",NA,NA,NA,NA
"29956",0,0,1,1
"10919",0,0,1,1
"6839",1,0,0,0
"79603",0,1,0,0
"64324",0,0,1,0
"56624",NA,NA,NA,NA
"6419",1,1,1,0
"170384",1,0,1,0
"23067",0,0,1,1
"56886",1,1,1,1
"54904",NA,NA,NA,NA
"2526",NA,NA,NA,NA
"152586",NA,NA,NA,NA
"148789",NA,NA,NA,NA
"200810",NA,NA,NA,NA
"55624",0,1,1,1
"64754",0,1,0,0
"56983",0,0,1,1
"79723",1,1,1,1
"644378",NA,NA,NA,NA
"55904",0,0,1,0
"644974",NA,NA,NA,NA
"8702",0,1,0,0
"9739",0,1,0,1
"8473",0,1,1,0
"55830",0,1,0,0
"7468",NA,NA,NA,NA
"3703",0,1,0,1
"83852",NA,NA,NA,NA
"8085",0,1,0,0
"283358",NA,NA,NA,NA
"51111",1,1,1,1
"55757",NA,NA,NA,NA
"60559",1,1,1,1
"23478",1,1,1,1
"146664",NA,NA,NA,NA
"28972",1,1,1,1
"2529",1,1,1,1
"360203",NA,NA,NA,NA
"90701",1,1,0,0
"9789",1,1,1,1
"57171",1,1,0,0
"4249",0,0,1,0
"25834",NA,NA,NA,NA
"7837",NA,NA,NA,NA
"140687",NA,NA,NA,NA
"137902",NA,NA,NA,NA
"8708",NA,NA,NA,NA
"9677",0,0,0,1
"23262",0,0,1,0
"201595",0,1,1,1
"26007",1,1,1,1
"83468",NA,NA,NA,NA
"158584",NA,NA,NA,NA
"84752",NA,NA,NA,NA
"283209",0,1,1,0
"145173",1,1,0,0
"23491",NA,NA,NA,NA
"124872",NA,NA,NA,NA
"84750",NA,NA,NA,NA
"221223",NA,NA,NA,NA
"338707",NA,NA,NA,NA
"1066",0,0,0,1
"1208",NA,NA,NA,NA
"146802",NA,NA,NA,NA
"168391",NA,NA,NA,NA
"55244",NA,NA,NA,NA
"345274",NA,NA,NA,NA
"116085",NA,NA,NA,NA
"8707",NA,NA,NA,NA
"123688",NA,NA,NA,NA
"51228",0,1,1,0
"51171",NA,NA,NA,NA
"284004",NA,NA,NA,NA
"79411",NA,NA,NA,NA
"51741",0,0,1,1
"27090",1,1,1,1
"129807",NA,NA,NA,NA
"441282",NA,NA,NA,NA
"2524",NA,NA,NA,NA
"10202",1,1,1,1
"2527",NA,NA,NA,NA
"10553",1,0,1,0
"121214",NA,NA,NA,NA
"374875",NA,NA,NA,NA
"2528",NA,NA,NA,NA
"113612",1,1,0,0
"56898",0,0,1,1
"493869",NA,NA,NA,NA
"1487",1,1,1,1
"64174",1,1,1,1
"100288072",NA,NA,NA,NA
"64180",NA,NA,NA,NA
"93517",NA,NA,NA,NA
"10728",1,1,1,1
"84869",0,1,1,0
"340811",NA,NA,NA,NA
"91179",NA,NA,NA,NA
"133121",NA,NA,NA,NA
"11102",1,1,0,0
"85007",0,1,1,0
"250",NA,NA,NA,NA
"8644",0,1,1,1
"10826",NA,NA,NA,NA
"251",NA,NA,NA,NA
"266740",NA,NA,NA,NA
"200931",NA,NA,NA,NA
"3930",1,1,1,1
"123264",NA,NA,NA,NA
"10941",NA,NA,NA,NA
"79799",NA,NA,NA,NA
"4645",NA,NA,NA,NA
"5446",1,0,0,0
"4864",0,0,1,1
"506",1,1,0,0
"3069",0,1,1,0
"10632",1,1,1,1
"515",1,1,1,1
"10476",1,1,1,1
"513",1,1,1,1
"522",1,1,1,1
"539",1,1,1,1
"9551",0,1,1,1
"516",NA,NA,NA,NA
"509",1,1,1,1
"518",NA,NA,NA,NA
"27109",NA,NA,NA,NA
"514",NA,NA,NA,NA
"4905",1,1,1,1
"517",NA,NA,NA,NA
"521",1,1,1,1
"498",1,1,1,1
"267020",NA,NA,NA,NA
"27089",1,1,1,1
"10975",1,0,0,0
"7381",1,1,1,1
"4519",0,1,0,1
