"","ImmProt_Th17_01","ImmProt_Th17_02","ImmProt_Th17_03","ImmProt_Th17_04"
"314",NA,NA,NA,NA
"26",1,1,1,1
"8639",NA,NA,NA,NA
"1591",NA,NA,NA,NA
"1594",1,1,1,1
"10993",1,1,1,1
"6818",1,1,1,0
"89874",NA,NA,NA,NA
"3945",1,1,1,1
"3948",NA,NA,NA,NA
"55293",0,0,1,1
"160287",NA,NA,NA,NA
"92483",NA,NA,NA,NA
"3939",1,1,1,1
"9194",0,0,1,1
"6566",1,0,0,0
"9123",0,0,0,1
"57835",NA,NA,NA,NA
"8671",1,1,1,1
"1738",1,1,1,1
"4967",1,1,1,1
"1743",1,1,1,1
"8050",0,1,1,0
"128",1,1,1,1
"137872",NA,NA,NA,NA
"130",NA,NA,NA,NA
"127",1,1,1,1
"131",NA,NA,NA,NA
"126",NA,NA,NA,NA
"124",NA,NA,NA,NA
"125",NA,NA,NA,NA
"1312",1,1,1,1
"117247",1,1,1,1
"220",NA,NA,NA,NA
"221",0,1,1,0
"218",NA,NA,NA,NA
"222",NA,NA,NA,NA
"3242",NA,NA,NA,NA
"18",0,1,1,1
"2531",1,0,1,0
"23498",1,0,1,1
"55268",0,0,1,1
"883",0,1,1,1
"51166",NA,NA,NA,NA
"1644",NA,NA,NA,NA
"4128",0,0,1,1
"4129",1,0,0,1
"8604",1,1,1,1
"10165",0,1,1,0
"2572",NA,NA,NA,NA
"2571",NA,NA,NA,NA
"51380",NA,NA,NA,NA
"2805",1,1,1,1
"2806",1,1,1,1
"8659",0,1,0,1
"6817",0,0,0,1
"6799",NA,NA,NA,NA
"6822",NA,NA,NA,NA
"6573",0,0,1,0
"316",NA,NA,NA,NA
"6570",NA,NA,NA,NA
"6571",1,1,1,1
"2348",NA,NA,NA,NA
"2352",1,1,1,1
"4125",0,1,1,1
"53947",NA,NA,NA,NA
"51146",NA,NA,NA,NA
"28",NA,NA,NA,NA
"206358",1,1,1,1
"6538",NA,NA,NA,NA
"6529",NA,NA,NA,NA
"6539",1,1,1,1
"6540",NA,NA,NA,NA
"3032",1,1,1,1
"10449",1,1,1,1
"38",1,1,1,1
"3030",1,1,1,1
"39",1,1,1,1
"30",1,1,1,1
"32",NA,NA,NA,NA
"9197",1,1,0,0
"79611",NA,NA,NA,NA
"84532",0,0,1,0
"64841",0,1,1,1
"55577",1,1,1,1
"5238",0,1,0,1
"9487",NA,NA,NA,NA
"162417",NA,NA,NA,NA
"43",NA,NA,NA,NA
"6572",NA,NA,NA,NA
"47",1,1,1,1
"54187",0,1,1,1
"26503",0,1,1,1
"54",1,1,1,1
"140838",0,1,1,1
"51205",1,0,0,1
"36",1,1,1,1
"34",1,1,1,1
"35",1,1,1,1
"84129",NA,NA,NA,NA
"28976",1,1,1,1
"80724",0,1,0,0
"27034",0,1,0,0
"3712",1,1,1,1
"134526",NA,NA,NA,NA
"51",1,0,1,0
"95",1,0,1,0
"50",1,1,1,1
"48",0,1,1,0
"8309",NA,NA,NA,NA
"52",1,1,1,1
"55",0,1,0,0
"788",1,1,1,1
"55902",1,0,0,1
"65985",1,1,0,1
"438",NA,NA,NA,NA
"1571",NA,NA,NA,NA
"100",1,1,1,1
"3177",NA,NA,NA,NA
"205",1,1,1,1
"204",1,1,1,1
"26289",0,1,1,0
"50808",1,1,1,1
"262",1,1,1,1
"113",0,1,0,0
"109",NA,NA,NA,NA
"115",NA,NA,NA,NA
"112",1,1,1,1
"107",NA,NA,NA,NA
"114",NA,NA,NA,NA
"55811",NA,NA,NA,NA
"196883",NA,NA,NA,NA
"111",NA,NA,NA,NA
"108",NA,NA,NA,NA
"2030",0,1,0,0
"9154",NA,NA,NA,NA
"64078",1,1,1,1
"9153",NA,NA,NA,NA
"55315",1,1,1,1
"11164",1,1,1,1
"952",0,1,1,0
"1375",NA,NA,NA,NA
"1374",1,1,0,0
"126129",NA,NA,NA,NA
"1376",1,0,1,0
"9061",0,1,1,1
"9060",1,0,1,1
"158",1,1,1,1
"10331",NA,NA,NA,NA
"374907",1,1,1,1
"10678",1,1,1,1
"79369",NA,NA,NA,NA
"11041",1,1,1,1
"93010",NA,NA,NA,NA
"79814",0,1,0,1
"56894",0,1,1,0
"10555",1,0,0,0
"137964",0,0,0,1
"56895",1,0,1,1
"55326",1,0,0,0
"129642",0,1,1,1
"64850",NA,NA,NA,NA
"64902",NA,NA,NA,NA
"189",NA,NA,NA,NA
"3074",0,1,1,0
"3073",0,1,1,1
"10606",1,1,1,1
"8402",1,1,1,1
"1468",1,1,1,0
"64849",NA,NA,NA,NA
"1645",1,1,1,1
"1109",NA,NA,NA,NA
"6718",1,1,1,1
"6510",0,1,1,0
"6509",1,1,1,1
"56301",NA,NA,NA,NA
"6520",1,1,1,0
"211",0,1,1,1
"23464",1,0,0,1
"212",NA,NA,NA,NA
"59272",NA,NA,NA,NA
"6542",NA,NA,NA,NA
"6541",0,1,0,0
"84889",NA,NA,NA,NA
"54407",1,0,0,0
"81539",1,1,0,0
"340024",NA,NA,NA,NA
"11254",NA,NA,NA,NA
"57393",NA,NA,NA,NA
"55089",NA,NA,NA,NA
"2875",NA,NA,NA,NA
"84706",1,1,0,1
"92745",1,1,1,1
"10991",NA,NA,NA,NA
"284273",0,0,0,1
"10327",1,1,1,1
"8854",1,1,1,1
"224",0,0,1,1
"223",1,1,1,1
"216",1,0,1,1
"501",1,0,1,0
"217",0,0,1,0
"219",1,1,1,0
"239",0,0,1,1
"247",1,0,1,1
"246",0,1,0,1
"231",1,1,1,1
"8574",1,1,1,1
"23600",1,1,1,1
"115286",1,0,0,1
"271",0,0,1,0
"272",1,1,1,1
"270",NA,NA,NA,NA
"290",1,1,0,0
"278",NA,NA,NA,NA
"277",1,1,1,1
"279",1,1,1,1
"280",1,1,1,1
"6519",NA,NA,NA,NA
"276",1,1,1,1
"11136",NA,NA,NA,NA
"10998",NA,NA,NA,NA
"113451",NA,NA,NA,NA
"9057",1,1,0,0
"384",0,0,0,1
"445",0,1,0,0
"83884",NA,NA,NA,NA
"10166",0,1,1,1
"410",1,0,1,0
"427",1,0,1,1
"9963",NA,NA,NA,NA
"9962",NA,NA,NA,NA
"80150",1,1,1,1
"440",0,1,1,1
"790",1,1,1,1
"6505",NA,NA,NA,NA
"6512",NA,NA,NA,NA
"6511",NA,NA,NA,NA
"6507",1,1,1,1
"6506",1,1,1,1
"9296",0,1,1,1
"51606",0,1,1,0
"533",NA,NA,NA,NA
"90423",1,1,1,1
"528",0,1,1,0
"525",NA,NA,NA,NA
"10312",1,1,0,0
"127124",NA,NA,NA,NA
"245973",NA,NA,NA,NA
"50617",NA,NA,NA,NA
"9114",1,0,0,1
"23545",0,0,1,0
"8992",NA,NA,NA,NA
"535",0,1,1,0
"527",1,1,1,0
"526",1,1,1,1
"523",1,1,1,1
"529",1,1,1,1
"9550",0,1,1,1
"51382",0,1,1,1
"245972",1,0,1,0
"957",NA,NA,NA,NA
"956",NA,NA,NA,NA
"955",NA,NA,NA,NA
"953",0,1,1,0
"954",NA,NA,NA,NA
"377841",NA,NA,NA,NA
"293",1,1,1,1
"291",1,1,0,0
"292",1,1,1,1
"4126",0,1,0,1
"8706",NA,NA,NA,NA
"10317",NA,NA,NA,NA
"84002",NA,NA,NA,NA
"3141",0,0,1,1
"140679",NA,NA,NA,NA
"8424",NA,NA,NA,NA
"53630",NA,NA,NA,NA
"635",1,1,1,1
"23743",NA,NA,NA,NA
"10599",NA,NA,NA,NA
"1244",NA,NA,NA,NA
"8714",1,1,1,0
"28234",NA,NA,NA,NA
"645",1,1,1,1
"644",1,1,1,1
"9488",0,1,0,0
"10380",1,1,1,1
"686",0,0,1,1
"8884",1,1,1,1
"80704",NA,NA,NA,NA
"51733",NA,NA,NA,NA
"7108",0,1,1,0
"50814",0,1,1,0
"3295",1,0,1,0
"6307",0,1,1,1
"493",1,1,1,1
"492",1,1,0,0
"491",NA,NA,NA,NA
"490",1,0,0,0
"847",1,1,1,1
"6543",NA,NA,NA,NA
"6547",NA,NA,NA,NA
"6546",0,0,1,0
"166785",1,0,0,1
"2538",NA,NA,NA,NA
"92579",0,1,1,1
"1373",0,1,1,0
"873",1,1,1,1
"10423",1,1,1,1
"8760",1,0,1,0
"1040",NA,NA,NA,NA
"56994",1,1,1,1
"10390",0,0,1,1
"64781",1,1,1,1
"10087",0,0,1,1
"6565",NA,NA,NA,NA
"9023",NA,NA,NA,NA
"1103",NA,NA,NA,NA
"162466",1,1,1,1
"9468",NA,NA,NA,NA
"5130",0,1,0,1
"6579",NA,NA,NA,NA
"6555",NA,NA,NA,NA
"6554",NA,NA,NA,NA
"55349",1,0,0,1
"1120",0,1,0,1
"1119",NA,NA,NA,NA
"60482",NA,NA,NA,NA
"6582",NA,NA,NA,NA
"6584",NA,NA,NA,NA
"6820",NA,NA,NA,NA
"10948",0,1,1,0
"19",0,1,1,1
"1118",0,1,0,1
"27159",NA,NA,NA,NA
"54682",NA,NA,NA,NA
"9058",NA,NA,NA,NA
"6576",1,1,1,1
"1159",1,1,1,1
"548596",1,1,1,1
"1160",NA,NA,NA,NA
"1158",0,0,1,0
"1152",0,1,0,0
"5172",NA,NA,NA,NA
"65010",NA,NA,NA,NA
"54675",NA,NA,NA,NA
"10559",1,1,1,0
"55907",1,1,1,1
"8034",0,0,1,1
"8824",NA,NA,NA,NA
"51805",1,1,0,0
"51004",1,1,0,0
"10229",0,1,0,1
"2650",0,1,1,0
"9245",NA,NA,NA,NA
"51301",0,0,0,1
"192134",NA,NA,NA,NA
"386757",NA,NA,NA,NA
"6535",NA,NA,NA,NA
"1384",1,1,0,1
"6583",1,1,1,1
"1431",1,1,1,1
"54677",1,0,1,1
"8140",1,1,0,0
"23428",NA,NA,NA,NA
"1036",NA,NA,NA,NA
"23657",1,1,1,1
"57379",1,1,1,1
"978",1,1,1,1
"7371",1,1,1,1
"83549",0,1,1,0
"51727",1,1,1,1
"129607",0,1,1,0
"160851",1,0,0,1
"8526",0,1,1,0
"1606",1,1,1,1
"8527",1,1,1,1
"1607",0,1,1,0
"1608",1,0,0,0
"1609",0,1,1,1
"8525",0,1,1,0
"9162",NA,NA,NA,NA
"1610",NA,NA,NA,NA
"51022",NA,NA,NA,NA
"2745",1,1,1,1
"8528",NA,NA,NA,NA
"10455",0,1,1,0
"1632",1,1,1,1
"1633",1,1,1,1
"1638",NA,NA,NA,NA
"6319",1,1,1,1
"9415",1,1,1,1
"3992",0,0,1,1
"8694",1,0,0,0
"84649",1,1,1,1
"1716",0,0,1,1
"6513",0,1,1,1
"6517",NA,NA,NA,NA
"6515",0,0,1,1
"1718",1,1,1,1
"1581",NA,NA,NA,NA
"1717",0,1,1,0
"8560",0,1,0,1
"123099",NA,NA,NA,NA
"11309",1,1,1,1
"6783",1,1,1,1
"1723",0,0,1,1
"1809",NA,NA,NA,NA
"1808",1,1,1,1
"1807",NA,NA,NA,NA
"23539",NA,NA,NA,NA
"2224",0,0,1,1
"29958",NA,NA,NA,NA
"60386",0,1,0,1
"84920",0,1,1,0
"79087",0,1,0,1
"26002",NA,NA,NA,NA
"1621",1,1,1,1
"7299",NA,NA,NA,NA
"6530",NA,NA,NA,NA
"6581",NA,NA,NA,NA
"669",0,1,0,1
"5224",NA,NA,NA,NA
"5223",1,1,1,1
"4597",0,1,1,1
"51071",0,1,1,1
"1806",0,1,1,1
"7083",1,1,1,1
"7084",1,1,1,0
"1854",1,1,1,1
"3704",1,1,1,1
"10682",0,1,1,1
"1892",1,1,1,1
"549",1,0,0,1
"1962",0,1,1,1
"1891",1,1,1,1
"11001",1,1,1,0
"28231",NA,NA,NA,NA
"53919",NA,NA,NA,NA
"10257",0,1,0,0
"28232",NA,NA,NA,NA
"2109",1,1,1,1
"2108",1,1,1,1
"2110",1,1,0,0
"55500",0,1,1,1
"55224",NA,NA,NA,NA
"8790",0,1,1,1
"51086",NA,NA,NA,NA
"2181",0,1,0,0
"2180",0,1,1,0
"2182",1,1,0,1
"81616",NA,NA,NA,NA
"51703",1,0,1,0
"23305",0,1,1,1
"116285",NA,NA,NA,NA
"5167",1,1,1,1
"5169",1,1,1,1
"6785",NA,NA,NA,NA
"60481",1,0,1,0
"54898",NA,NA,NA,NA
"79071",NA,NA,NA,NA
"1579",NA,NA,NA,NA
"2194",0,1,1,0
"10999",0,1,0,0
"376497",1,0,0,1
"230",1,1,1,1
"226",1,1,1,1
"229",1,1,1,1
"5208",1,0,1,1
"5207",NA,NA,NA,NA
"2203",0,1,0,0
"5210",1,1,1,1
"5209",1,1,0,0
"8789",0,1,1,0
"2235",1,1,1,1
"10840",NA,NA,NA,NA
"79901",0,1,0,0
"197258",0,1,0,1
"125061",1,1,1,1
"1719",1,0,0,1
"2356",0,1,1,0
"155184",NA,NA,NA,NA
"29988",1,1,1,1
"66035",NA,NA,NA,NA
"6518",0,0,0,1
"6514",NA,NA,NA,NA
"160428",NA,NA,NA,NA
"25902",1,0,0,1
"4522",1,1,1,1
"2519",0,1,1,0
"2517",0,0,1,1
"2184",1,0,1,0
"2271",1,1,1,1
"2523",NA,NA,NA,NA
"2525",NA,NA,NA,NA
"10690",NA,NA,NA,NA
"2683",1,0,1,0
"9334",1,0,1,0
"8704",NA,NA,NA,NA
"8703",1,1,1,1
"2820",1,1,0,0
"5832",1,1,1,0
"9563",1,1,0,1
"2539",0,1,1,1
"2542",0,0,1,0
"2593",0,1,0,1
"9514",NA,NA,NA,NA
"5476",0,0,1,1
"2720",1,1,0,0
"2588",0,1,0,1
"2581",0,0,1,1
"2583",NA,NA,NA,NA
"55454",0,1,1,0
"55790",0,1,1,1
"79586",0,1,1,0
"337876",NA,NA,NA,NA
"22856",1,0,0,1
"63917",NA,NA,NA,NA
"11226",1,1,0,1
"55568",1,0,1,0
"2589",0,0,1,1
"51809",0,1,0,0
"8693",1,0,0,1
"2591",1,0,0,0
"117248",NA,NA,NA,NA
"26290",NA,NA,NA,NA
"114805",NA,NA,NA,NA
"79695",NA,NA,NA,NA
"50614",NA,NA,NA,NA
"79623",NA,NA,NA,NA
"2590",1,0,1,0
"11227",NA,NA,NA,NA
"81031",NA,NA,NA,NA
"126792",0,1,1,1
"11285",1,0,1,0
"8972",1,0,0,1
"175",0,0,1,0
"26301",NA,NA,NA,NA
"4329",1,1,1,1
"7915",0,1,0,1
"2731",1,1,1,1
"275",1,0,1,1
"2653",1,1,0,0
"2651",NA,NA,NA,NA
"55343",NA,NA,NA,NA
"8836",1,1,0,1
"79017",1,0,0,1
"8908",NA,NA,NA,NA
"2992",1,1,1,1
"2997",0,1,0,1
"2998",NA,NA,NA,NA
"2687",NA,NA,NA,NA
"6472",1,1,1,1
"6470",0,1,1,1
"2717",0,1,1,1
"2632",1,1,0,1
"2990",1,1,0,1
"8372",0,1,1,0
"26035",1,0,1,0
"54480",0,1,1,0
"2131",1,1,1,1
"2132",1,0,1,0
"27087",NA,NA,NA,NA
"26229",0,1,1,1
"135152",NA,NA,NA,NA
"4669",1,1,1,0
"64579",NA,NA,NA,NA
"9348",NA,NA,NA,NA
"8509",0,1,1,0
"3340",0,1,0,0
"2137",NA,NA,NA,NA
"2135",0,0,1,1
"2134",NA,NA,NA,NA
"144195",NA,NA,NA,NA
"154091",NA,NA,NA,NA
"11182",1,1,1,1
"56606",1,1,1,1
"6523",NA,NA,NA,NA
"178",0,1,1,1
"5837",NA,NA,NA,NA
"5834",1,1,1,1
"5836",0,1,0,1
"2729",0,1,0,1
"2730",0,1,1,1
"2746",1,1,1,1
"2747",1,1,1,1
"10841",NA,NA,NA,NA
"27165",NA,NA,NA,NA
"2744",1,1,1,1
"79751",1,0,1,0
"83733",NA,NA,NA,NA
"2639",1,1,1,1
"57084",NA,NA,NA,NA
"57030",NA,NA,NA,NA
"246213",NA,NA,NA,NA
"51179",NA,NA,NA,NA
"54363",NA,NA,NA,NA
"2628",0,0,1,0
"9380",1,1,1,1
"2712",0,0,1,1
"2713",NA,NA,NA,NA
"2710",1,0,1,0
"3029",1,1,1,1
"6536",NA,NA,NA,NA
"5226",1,1,1,1
"27232",NA,NA,NA,NA
"57678",NA,NA,NA,NA
"80055",NA,NA,NA,NA
"54965",1,0,1,0
"93183",0,0,1,1
"2936",1,1,1,1
"2876",1,1,1,1
"7001",1,1,1,1
"5052",1,1,1,1
"2879",1,1,1,1
"2877",NA,NA,NA,NA
"257202",NA,NA,NA,NA
"2878",1,0,1,1
"2882",0,0,1,1
"10935",1,1,1,1
"2937",0,1,1,1
"2678",0,1,1,0
"2679",NA,NA,NA,NA
"2983",1,0,1,1
"4881",NA,NA,NA,NA
"3000",0,0,0,1
"2974",NA,NA,NA,NA
"4882",NA,NA,NA,NA
"2986",NA,NA,NA,NA
"2982",0,0,1,0
"2984",NA,NA,NA,NA
"2977",NA,NA,NA,NA
"9615",NA,NA,NA,NA
"763",NA,NA,NA,NA
"11238",0,1,1,1
"23556",1,0,1,1
"55650",NA,NA,NA,NA
"53905",NA,NA,NA,NA
"50506",NA,NA,NA,NA
"343",NA,NA,NA,NA
"5281",NA,NA,NA,NA
"84720",1,1,1,0
"54872",1,1,1,0
"80235",NA,NA,NA,NA
"128869",0,1,1,0
"10026",1,0,1,0
"51604",0,0,1,1
"94005",0,1,1,0
"8733",1,1,0,0
"3028",1,1,1,1
"3033",1,1,1,1
"3037",NA,NA,NA,NA
"3038",NA,NA,NA,NA
"3036",NA,NA,NA,NA
"27235",NA,NA,NA,NA
"6522",0,0,1,1
"83697",NA,NA,NA,NA
"6521",1,1,1,0
"6508",NA,NA,NA,NA
"2645",NA,NA,NA,NA
"3098",1,1,1,1
"3099",0,0,1,0
"80201",NA,NA,NA,NA
"3101",1,1,0,1
"3081",1,1,1,1
"11112",1,1,1,1
"3067",1,1,1,1
"496",NA,NA,NA,NA
"495",1,1,1,1
"8942",1,1,0,1
"3157",1,1,1,0
"3158",NA,NA,NA,NA
"54511",NA,NA,NA,NA
"3155",1,1,1,1
"3162",0,0,1,1
"26062",NA,NA,NA,NA
"197257",1,0,0,0
"6448",0,0,1,1
"3290",1,1,1,1
"3291",NA,NA,NA,NA
"3292",NA,NA,NA,NA
"3294",NA,NA,NA,NA
"51478",0,1,0,0
"3283",NA,NA,NA,NA
"3284",NA,NA,NA,NA
"80270",1,1,1,1
"57026",0,1,1,0
"3419",1,1,1,1
"3421",1,1,1,1
"3420",1,1,1,1
"3417",0,1,1,0
"3418",1,1,1,1
"7173",NA,NA,NA,NA
"3425",1,1,1,0
"587",1,1,1,1
"8501",NA,NA,NA,NA
"55586",NA,NA,NA,NA
"114134",1,1,1,1
"6526",1,0,0,0
"3422",0,1,1,1
"91734",NA,NA,NA,NA
"160728",NA,NA,NA,NA
"8801",1,1,1,1
"8802",1,1,1,1
"8803",1,1,1,1
"9990",0,1,0,0
"6560",1,1,1,1
"57468",NA,NA,NA,NA
"3795",0,1,1,0
"84679",1,1,0,0
"23315",NA,NA,NA,NA
"8564",1,0,0,1
"3938",NA,NA,NA,NA
"53",1,1,0,1
"3931",1,0,0,1
"387775",NA,NA,NA,NA
"124637",NA,NA,NA,NA
"366",1,1,1,1
"11283",1,0,0,0
"4047",0,1,1,0
"1178",1,1,0,0
"5321",1,1,1,1
"29124",NA,NA,NA,NA
"51268",NA,NA,NA,NA
"4023",1,0,1,1
"1056",NA,NA,NA,NA
"3990",NA,NA,NA,NA
"80339",NA,NA,NA,NA
"11343",0,0,0,1
"50487",NA,NA,NA,NA
"9227",1,1,1,1
"6309",NA,NA,NA,NA
"4048",1,1,1,1
"4258",0,1,1,0
"4259",1,1,1,1
"4056",1,1,1,1
"2954",0,1,0,1
"2548",0,0,0,1
"56922",1,1,1,0
"64087",1,1,1,1
"23417",1,0,1,1
"4357",1,0,0,1
"4190",0,0,1,1
"4191",1,1,1,1
"4200",1,1,1,1
"4199",0,1,1,0
"10873",1,1,1,1
"3620",0,1,0,0
"1545",1,0,0,0
"1543",1,1,1,1
"1557",NA,NA,NA,NA
"1544",NA,NA,NA,NA
"27430",1,1,1,1
"4144",0,1,1,1
"4143",1,1,1,1
"4548",0,0,1,1
"4598",0,1,1,1
"8867",0,1,0,1
"3635",1,1,1,1
"3632",1,1,1,1
"3636",0,1,1,1
"27124",NA,NA,NA,NA
"3633",0,1,1,0
"56623",NA,NA,NA,NA
"3628",0,1,1,0
"3706",NA,NA,NA,NA
"3707",0,1,1,1
"80271",0,0,1,1
"51477",0,1,0,0
"8821",1,1,1,1
"3631",0,1,1,0
"2595",1,1,1,0
"84693",0,0,1,1
"4594",0,0,1,1
"80168",NA,NA,NA,NA
"116255",NA,NA,NA,NA
"4507",1,1,1,1
"10797",1,1,1,0
"56913",1,1,1,0
"91703",1,1,1,1
"443",NA,NA,NA,NA
"4668",0,1,0,1
"9498",NA,NA,NA,NA
"57282",1,1,1,1
"6528",NA,NA,NA,NA
"482",NA,NA,NA,NA
"476",1,1,1,1
"480",NA,NA,NA,NA
"483",1,1,1,1
"23439",NA,NA,NA,NA
"477",1,1,0,0
"481",1,1,0,1
"478",1,1,1,1
"6549",NA,NA,NA,NA
"6550",NA,NA,NA,NA
"6548",0,0,1,1
"84735",1,0,0,0
"55748",1,1,1,1
"6559",NA,NA,NA,NA
"57419",NA,NA,NA,NA
"123041",NA,NA,NA,NA
"9187",NA,NA,NA,NA
"25769",NA,NA,NA,NA
"124583",0,1,0,1
"79077",0,1,1,0
"9583",1,0,1,1
"1841",1,1,1,1
"4832",1,0,0,1
"4830",1,1,1,1
"29922",1,0,1,1
"10201",1,0,1,0
"4831",1,1,1,1
"4833",0,0,0,1
"57127",NA,NA,NA,NA
"6005",1,1,1,1
"6557",NA,NA,NA,NA
"6558",0,1,0,0
"349565",1,1,0,1
"64802",0,0,1,1
"23057",NA,NA,NA,NA
"10135",1,1,1,1
"4837",NA,NA,NA,NA
"5409",NA,NA,NA,NA
"4843",NA,NA,NA,NA
"4846",NA,NA,NA,NA
"4842",NA,NA,NA,NA
"4860",1,1,1,1
"6580",NA,NA,NA,NA
"55808",NA,NA,NA,NA
"30833",0,1,0,1
"5251",1,0,1,1
"56953",NA,NA,NA,NA
"4907",1,1,1,0
"6476",NA,NA,NA,NA
"5009",NA,NA,NA,NA
"5019",1,1,1,1
"64064",NA,NA,NA,NA
"1629",1,1,1,1
"594",0,1,0,0
"593",1,1,1,0
"26873",0,0,1,1
"4942",0,1,1,0
"7372",0,1,0,1
"10861",NA,NA,NA,NA
"1811",NA,NA,NA,NA
"1836",1,1,1,1
"1583",1,1,1,1
"1584",NA,NA,NA,NA
"1585",NA,NA,NA,NA
"1586",NA,NA,NA,NA
"1588",NA,NA,NA,NA
"1576",NA,NA,NA,NA
"1593",0,1,0,1
"1548",NA,NA,NA,NA
"1553",NA,NA,NA,NA
"1562",NA,NA,NA,NA
"1558",NA,NA,NA,NA
"1559",NA,NA,NA,NA
"1565",1,1,1,1
"1572",NA,NA,NA,NA
"51302",NA,NA,NA,NA
"64816",NA,NA,NA,NA
"1577",NA,NA,NA,NA
"1551",NA,NA,NA,NA
"10858",NA,NA,NA,NA
"66002",1,1,1,1
"8529",NA,NA,NA,NA
"4051",1,1,0,0
"9420",1,1,1,1
"1582",NA,NA,NA,NA
"5831",1,1,0,0
"5050",1,1,1,1
"5051",1,0,1,1
"5049",1,1,1,1
"5048",1,1,1,1
"7941",1,1,0,0
"347734",1,0,0,1
"57194",NA,NA,NA,NA
"5337",0,1,0,1
"5338",1,0,1,1
"130013",NA,NA,NA,NA
"5091",0,1,0,1
"5244",NA,NA,NA,NA
"5136",NA,NA,NA,NA
"5142",NA,NA,NA,NA
"5137",0,1,1,1
"5151",NA,NA,NA,NA
"50940",NA,NA,NA,NA
"5139",1,1,1,1
"5140",1,1,0,0
"27115",NA,NA,NA,NA
"5144",1,0,0,0
"5153",NA,NA,NA,NA
"5150",0,1,1,1
"5138",1,1,1,1
"8622",NA,NA,NA,NA
"5141",1,1,1,1
"5143",NA,NA,NA,NA
"10846",NA,NA,NA,NA
"5152",NA,NA,NA,NA
"5148",NA,NA,NA,NA
"8654",0,0,0,1
"5145",NA,NA,NA,NA
"5147",0,1,1,0
"5146",NA,NA,NA,NA
"5158",NA,NA,NA,NA
"5149",1,1,1,1
"1737",1,1,1,1
"5162",1,1,1,1
"5160",1,1,1,1
"5161",NA,NA,NA,NA
"55163",0,1,1,1
"10396",1,1,0,1
"5105",NA,NA,NA,NA
"5106",0,0,0,1
"8310",1,0,1,0
"5833",0,1,1,1
"10400",NA,NA,NA,NA
"26227",0,1,0,0
"5730",1,1,1,1
"27306",0,0,1,0
"9536",0,0,1,0
"80142",0,1,1,1
"5740",1,1,1,1
"114971",0,1,1,1
"9489",1,0,1,1
"5743",1,1,1,1
"5742",1,1,0,0
"6898",NA,NA,NA,NA
"5053",NA,NA,NA,NA
"5264",NA,NA,NA,NA
"5728",0,1,1,0
"8871",1,1,0,0
"8395",1,1,1,1
"8394",0,1,1,1
"23396",0,1,1,1
"5297",0,1,1,0
"55361",1,0,1,0
"5298",0,1,1,0
"5295",1,1,1,1
"23533",1,1,0,1
"5290",0,1,1,1
"5293",0,1,1,1
"5296",NA,NA,NA,NA
"8503",NA,NA,NA,NA
"5291",0,1,1,1
"5294",0,1,0,1
"10870",1,1,1,1
"4952",1,1,1,1
"23236",1,1,1,1
"5336",0,1,1,0
"5335",0,1,1,1
"5334",0,0,1,1
"5331",0,1,0,1
"257068",NA,NA,NA,NA
"84812",NA,NA,NA,NA
"5330",1,1,1,1
"23007",NA,NA,NA,NA
"51196",NA,NA,NA,NA
"5332",1,1,1,1
"113026",NA,NA,NA,NA
"5333",0,1,1,0
"89869",0,1,0,0
"5288",NA,NA,NA,NA
"5286",0,1,1,1
"5287",0,0,1,0
"200576",1,0,1,0
"5305",1,1,1,1
"79837",0,1,1,0
"5289",0,1,0,1
"5277",NA,NA,NA,NA
"51227",NA,NA,NA,NA
"8818",NA,NA,NA,NA
"9091",0,1,1,0
"5279",NA,NA,NA,NA
"5283",NA,NA,NA,NA
"123745",NA,NA,NA,NA
"8398",0,1,1,1
"64600",NA,NA,NA,NA
"81579",NA,NA,NA,NA
"100137049",NA,NA,NA,NA
"5322",NA,NA,NA,NA
"5320",NA,NA,NA,NA
"30814",NA,NA,NA,NA
"26279",1,1,1,1
"5319",NA,NA,NA,NA
"10654",1,1,1,1
"117283",NA,NA,NA,NA
"9807",1,0,1,0
"51447",NA,NA,NA,NA
"8876",1,0,0,1
"8875",1,1,1,1
"55350",NA,NA,NA,NA
"27068",1,1,1,1
"8613",NA,NA,NA,NA
"8611",1,1,1,1
"8612",NA,NA,NA,NA
"5498",1,0,1,0
"8288",0,1,0,1
"9588",1,1,1,1
"4353",1,1,1,1
"5625",NA,NA,NA,NA
"6578",NA,NA,NA,NA
"23761",1,1,0,0
"9791",0,1,1,0
"81490",0,0,0,1
"10005",0,1,1,0
"10965",0,1,1,1
"122970",NA,NA,NA,NA
"5805",NA,NA,NA,NA
"6303",NA,NA,NA,NA
"112483",0,1,1,0
"8566",1,1,1,1
"151531",NA,NA,NA,NA
"7378",0,1,1,1
"2944",1,0,0,0
"64080",0,1,1,0
"5959",NA,NA,NA,NA
"8608",NA,NA,NA,NA
"112724",1,0,1,0
"157506",1,0,0,0
"51109",1,1,1,1
"57665",1,1,1,1
"195814",NA,NA,NA,NA
"145226",NA,NA,NA,NA
"50700",NA,NA,NA,NA
"8228",1,1,1,1
"113278",NA,NA,NA,NA
"54981",0,0,0,1
"6482",0,1,1,1
"6484",1,1,1,0
"6483",1,1,1,1
"10090",NA,NA,NA,NA
"9653",0,0,1,0
"3423",0,1,0,1
"222537",NA,NA,NA,NA
"9957",NA,NA,NA,NA
"9951",NA,NA,NA,NA
"9956",NA,NA,NA,NA
"9955",NA,NA,NA,NA
"9953",NA,NA,NA,NA
"55501",1,1,1,1
"113189",1,0,0,0
"50515",1,1,0,0
"166012",NA,NA,NA,NA
"411",0,0,0,1
"23563",NA,NA,NA,NA
"4166",NA,NA,NA,NA
"10164",NA,NA,NA,NA
"9435",0,1,0,0
"8534",NA,NA,NA,NA
"9469",NA,NA,NA,NA
"56548",0,0,0,1
"266722",NA,NA,NA,NA
"9394",NA,NA,NA,NA
"90161",NA,NA,NA,NA
"2799",1,1,1,0
"10157",0,0,1,1
"118881",1,1,1,0
"3176",0,0,0,1
"1757",0,1,0,0
"81537",1,0,1,1
"6652",0,1,1,1
"6342",1,1,1,1
"9056",1,1,1,1
"55304",NA,NA,NA,NA
"9517",1,0,1,0
"10558",0,0,1,1
"2098",1,1,1,1
"8879",1,0,1,0
"8869",NA,NA,NA,NA
"56848",1,1,1,1
"8877",1,1,1,1
"130752",NA,NA,NA,NA
"339221",NA,NA,NA,NA
"55627",0,1,0,0
"55512",1,1,1,1
"6609",1,0,1,0
"6610",1,0,0,0
"259230",1,1,1,1
"116369",NA,NA,NA,NA
"115111",NA,NA,NA,NA
"115019",NA,NA,NA,NA
"284129",NA,NA,NA,NA
"26266",NA,NA,NA,NA
"6646",1,1,0,0
"6649",NA,NA,NA,NA
"6648",1,1,1,1
"6647",1,1,1,1
"6697",1,0,1,1
"6723",0,1,1,1
"6611",0,1,0,0
"6713",0,1,0,0
"2222",1,0,1,1
"6715",NA,NA,NA,NA
"6716",NA,NA,NA,NA
"15",NA,NA,NA,NA
"6532",1,1,1,1
"6487",NA,NA,NA,NA
"10402",1,1,1,1
"10610",NA,NA,NA,NA
"81849",NA,NA,NA,NA
"256435",NA,NA,NA,NA
"30815",NA,NA,NA,NA
"6489",NA,NA,NA,NA
"29906",NA,NA,NA,NA
"412",1,1,1,1
"6391",0,1,1,1
"6390",1,1,1,1
"6392",0,1,1,1
"6389",1,1,1,1
"6821",1,0,0,1
"6533",0,0,0,1
"5092",0,1,0,0
"23530",1,1,1,1
"79178",1,1,1,0
"6567",NA,NA,NA,NA
"1890",1,1,1,1
"55217",0,1,0,0
"7296",1,1,1,1
"11181",NA,NA,NA,NA
"80162",0,1,1,1
"7166",NA,NA,NA,NA
"121278",NA,NA,NA,NA
"169355",NA,NA,NA,NA
"6999",NA,NA,NA,NA
"6561",NA,NA,NA,NA
"6916",0,0,1,0
"7054",NA,NA,NA,NA
"7306",NA,NA,NA,NA
"10020",0,1,1,1
"29880",0,0,1,1
"7355",NA,NA,NA,NA
"7358",0,1,0,1
"23169",1,1,1,1
"80146",0,1,1,1
"5168",1,1,1,1
"84912",NA,NA,NA,NA
"3906",NA,NA,NA,NA
"7357",0,1,1,0
"11046",NA,NA,NA,NA
"54576",NA,NA,NA,NA
"54575",NA,NA,NA,NA
"54657",NA,NA,NA,NA
"54659",NA,NA,NA,NA
"54658",NA,NA,NA,NA
"54577",NA,NA,NA,NA
"54600",NA,NA,NA,NA
"54579",NA,NA,NA,NA
"54578",NA,NA,NA,NA
"7364",NA,NA,NA,NA
"54490",NA,NA,NA,NA
"7367",NA,NA,NA,NA
"7365",NA,NA,NA,NA
"10720",NA,NA,NA,NA
"7363",NA,NA,NA,NA
"54963",1,0,1,0
"7498",NA,NA,NA,NA
"9942",1,0,0,1
"64132",1,1,0,0
"64131",1,1,1,1
"51181",1,1,1,1
"64077",1,1,1,1
"5464",1,1,1,1
"10724",0,1,1,1
"94033",NA,NA,NA,NA
"2495",1,1,0,1
"1356",1,1,1,1
"2512",1,1,0,0
"1727",1,1,1,1
"51706",1,1,1,1
"51700",1,1,1,1
"10587",0,1,1,0
"80347",0,1,1,1
"84618",NA,NA,NA,NA
"22978",0,1,0,1
"51251",0,1,1,1
"93034",NA,NA,NA,NA
"100526794",NA,NA,NA,NA
"353",1,1,1,1
"3251",1,1,1,1
"56954",1,1,1,1
"5313",1,1,1,1
"728441",NA,NA,NA,NA
"124975",NA,NA,NA,NA
"91227",NA,NA,NA,NA
"102724197",NA,NA,NA,NA
"92086",NA,NA,NA,NA
"2686",1,1,0,0
"5211",1,1,1,1
"1491",1,1,1,1
"2819",NA,NA,NA,NA
"29925",0,1,1,0
"29926",0,1,1,1
"102724560",1,1,1,1
"875",NA,NA,NA,NA
"249",0,1,0,1
"22934",0,1,1,1
"2766",1,0,1,1
"51292",1,1,1,1
"57571",1,0,0,0
"8833",1,1,1,1
"5538",0,1,1,1
"641371",0,0,1,1
"11332",0,1,0,0
"55825",1,0,1,1
"51102",0,0,1,1
"37",1,1,1,1
"33",NA,NA,NA,NA
"132158",NA,NA,NA,NA
"641649",NA,NA,NA,NA
"23475",1,1,1,1
"50484",0,1,1,0
"6240",0,1,1,0
"6241",1,1,1,0
"3156",0,0,0,1
"79966",0,0,1,0
"10588",1,0,0,1
"84890",1,0,1,1
"80025",0,0,0,1
"53354",NA,NA,NA,NA
"79646",1,1,1,1
"83594",1,1,1,1
"7263",1,0,0,1
"26275",1,1,1,1
"29920",1,1,0,0
"7389",0,1,1,1
"1595",1,1,0,0
"130367",NA,NA,NA,NA
"10478",0,1,0,0
"23443",0,1,1,0
"64240",NA,NA,NA,NA
"64241",NA,NA,NA,NA
"284111",NA,NA,NA,NA
"8435",NA,NA,NA,NA
"3988",0,0,1,1
"377677",1,1,1,1
"767",0,1,0,0
"765",NA,NA,NA,NA
"759",1,1,1,1
"760",1,0,1,1
"23632",NA,NA,NA,NA
"766",NA,NA,NA,NA
"771",1,1,1,1
"768",NA,NA,NA,NA
"762",0,1,1,1
"10057",1,1,1,1
"6556",1,1,1,1
"6568",NA,NA,NA,NA
"7779",1,1,0,1
"54020",1,1,1,1
"215",0,1,0,0
"5825",0,0,1,0
"641372",NA,NA,NA,NA
"9045",1,1,1,1
"4017",NA,NA,NA,NA
"84105",0,1,0,1
"25830",NA,NA,NA,NA
"84569",NA,NA,NA,NA
"4025",NA,NA,NA,NA
"54995",1,1,1,0
"93492",NA,NA,NA,NA
"1267",1,0,1,1
"10249",1,1,1,1
"1573",NA,NA,NA,NA
"1580",NA,NA,NA,NA
"199974",NA,NA,NA,NA
"260293",NA,NA,NA,NA
"1555",NA,NA,NA,NA
"1549",NA,NA,NA,NA
"57834",NA,NA,NA,NA
"29785",0,1,0,0
"1215",1,1,1,1
"1357",NA,NA,NA,NA
"93979",NA,NA,NA,NA
"57094",NA,NA,NA,NA
"1358",NA,NA,NA,NA
"7177",0,0,0,1
"64499",0,0,0,1
"23430",NA,NA,NA,NA
"1636",0,1,1,0
"9365",NA,NA,NA,NA
"9331",NA,NA,NA,NA
"7368",1,1,1,1
"5315",1,1,1,1
"1666",1,1,1,1
"874",1,1,1,1
"10901",1,0,1,1
"126410",1,1,1,1
"2053",0,1,1,1
"8897",0,1,0,1
"8898",0,0,0,1
"9152",NA,NA,NA,NA
"9497",0,1,1,0
"115584",NA,NA,NA,NA
"6575",NA,NA,NA,NA
"6574",1,1,0,0
"142680",NA,NA,NA,NA
"6534",NA,NA,NA,NA
"3293",NA,NA,NA,NA
"1622",1,1,1,1
"225",0,1,0,0
"28965",NA,NA,NA,NA
"23205",1,1,1,1
"26061",1,1,0,1
"54716",NA,NA,NA,NA
"6564",NA,NA,NA,NA
"113235",1,1,1,1
"1200",1,1,1,1
"2168",1,1,1,1
"51056",1,1,1,1
"9390",NA,NA,NA,NA
"5184",1,1,1,1
"4891",NA,NA,NA,NA
"30061",NA,NA,NA,NA
"248",NA,NA,NA,NA
"4524",1,0,0,1
"25796",1,1,1,1
"28982",1,1,1,1
"6120",0,1,0,1
"10864",NA,NA,NA,NA
"9376",NA,NA,NA,NA
"9356",NA,NA,NA,NA
"348932",NA,NA,NA,NA
"120103",NA,NA,NA,NA
"1080",NA,NA,NA,NA
"85320",NA,NA,NA,NA
"222962",NA,NA,NA,NA
"10351",NA,NA,NA,NA
"9429",NA,NA,NA,NA
"55867",NA,NA,NA,NA
"364",NA,NA,NA,NA
"89872",NA,NA,NA,NA
"360",NA,NA,NA,NA
"21",NA,NA,NA,NA
"24",NA,NA,NA,NA
"125206",NA,NA,NA,NA
"200010",NA,NA,NA,NA
"6524",NA,NA,NA,NA
"159963",NA,NA,NA,NA
"55065",1,1,1,1
"79581",1,1,1,1
"3767",NA,NA,NA,NA
"6833",NA,NA,NA,NA
"10060",NA,NA,NA,NA
"3764",NA,NA,NA,NA
"5947",NA,NA,NA,NA
"64220",NA,NA,NA,NA
"5950",1,0,1,1
"5948",NA,NA,NA,NA
"949",1,1,1,1
"29881",NA,NA,NA,NA
"2350",1,1,1,1
"3248",0,0,1,1
"166929",NA,NA,NA,NA
"56261",0,0,1,1
"3658",0,1,0,1
"203",1,1,1,1
"122481",NA,NA,NA,NA
"159",0,1,1,1
"122622",NA,NA,NA,NA
"11212",1,1,1,1
"383",0,1,1,1
"1371",1,1,1,1
"1503",0,0,1,0
"56474",0,1,1,1
"2987",1,1,1,1
"5860",1,1,1,1
"9453",0,1,1,1
"2027",1,1,1,1
"2026",1,1,1,1
"2023",1,1,1,1
"9843",NA,NA,NA,NA
"80308",0,0,1,0
"7360",1,1,1,1
"26330",NA,NA,NA,NA
"2597",1,1,1,1
"9945",1,1,1,1
"2673",0,1,1,0
"2752",0,1,0,1
"51557",1,1,1,0
"1800",NA,NA,NA,NA
"2762",0,1,1,0
"2643",0,0,1,1
"761",1,1,1,1
"359",NA,NA,NA,NA
"4284",NA,NA,NA,NA
"361",NA,NA,NA,NA
"358",1,1,1,1
"362",NA,NA,NA,NA
"3145",0,0,1,1
"586",1,1,1,0
"3614",0,0,1,1
"3615",1,1,1,1
"682",1,0,1,0
"4351",1,1,1,1
"441024",NA,NA,NA,NA
"100287639",NA,NA,NA,NA
"65220",1,1,1,1
"389015",NA,NA,NA,NA
"6553",NA,NA,NA,NA
"2821",1,1,1,1
"5230",1,1,1,1
"5232",NA,NA,NA,NA
"375056",1,0,0,1
"5236",1,1,1,1
"55276",1,1,1,1
"5373",0,1,1,1
"5372",1,1,0,0
"210",1,1,1,1
"60490",0,1,0,0
"79717",0,1,1,0
"58510",NA,NA,NA,NA
"153201",NA,NA,NA,NA
"5634",1,1,1,0
"5631",1,1,1,1
"221823",NA,NA,NA,NA
"29968",0,1,1,0
"5723",0,1,0,1
"55312",0,0,1,0
"6888",1,1,1,1
"79896",1,0,1,0
"84076",NA,NA,NA,NA
"7086",1,1,1,1
"8277",NA,NA,NA,NA
"27010",0,0,1,1
"7167",1,1,1,1
"286016",NA,NA,NA,NA
"2582",0,1,1,1
"6675",1,0,0,1
"91373",0,1,0,1
"7390",0,1,1,1
"8170",NA,NA,NA,NA
"6563",NA,NA,NA,NA
"374569",NA,NA,NA,NA
"100507855",1,1,1,1
"55191",0,1,1,1
"132",1,1,1,1
"97",0,0,1,1
"98",0,0,1,1
"112611",NA,NA,NA,NA
"51005",0,0,1,1
"471",1,1,1,1
"435",1,0,1,0
"171425",0,1,1,1
"10007",1,1,1,1
"132789",0,1,1,0
"2584",1,1,0,0
"2585",0,1,1,1
"2592",0,0,1,1
"5471",0,1,1,1
"84264",NA,NA,NA,NA
"3034",1,1,1,1
"144193",NA,NA,NA,NA
"2739",1,1,1,1
"3613",1,0,1,1
"3612",1,1,1,1
"8776",0,0,1,1
"2978",NA,NA,NA,NA
"4953",NA,NA,NA,NA
"5214",1,1,1,1
"5213",0,1,1,1
"6569",NA,NA,NA,NA
"10050",NA,NA,NA,NA
"10568",0,1,0,1
"10786",NA,NA,NA,NA
"10246",NA,NA,NA,NA
"5198",0,1,1,0
"113675",1,1,1,1
"7298",1,1,1,1
"131669",NA,NA,NA,NA
"5973",1,1,0,0
"1635",0,1,0,1
"286297",NA,NA,NA,NA
"10560",NA,NA,NA,NA
"191",1,1,1,1
"10768",1,1,1,1
"25874",1,1,1,0
"51660",0,1,1,1
"57198",0,1,0,1
"5205",NA,NA,NA,NA
"23250",1,0,0,1
"286410",1,1,0,1
"5243",1,0,1,1
"55856",1,1,1,1
"7350",NA,NA,NA,NA
"26027",0,0,1,0
"10058",1,1,1,1
"51458",NA,NA,NA,NA
"948",1,0,1,1
"10928",1,0,0,0
"1728",0,1,1,0
"2946",0,1,0,1
"125981",NA,NA,NA,NA
"55331",1,1,1,1
"340485",NA,NA,NA,NA
"2760",1,0,1,0
"5660",1,1,1,1
"57704",0,0,1,1
"4759",NA,NA,NA,NA
"10825",0,0,0,1
"7903",1,1,1,1
"5407",NA,NA,NA,NA
"119548",NA,NA,NA,NA
"5408",NA,NA,NA,NA
"221955",0,1,1,1
"9388",1,1,1,1
"13",NA,NA,NA,NA
"57104",0,1,0,1
"3991",0,0,1,1
"747",NA,NA,NA,NA
"8513",NA,NA,NA,NA
"5406",NA,NA,NA,NA
"2170",1,1,1,1
"2171",1,1,1,1
"2167",1,1,1,1
"2172",NA,NA,NA,NA
"646480",NA,NA,NA,NA
"2173",NA,NA,NA,NA
"646486",NA,NA,NA,NA
"2169",NA,NA,NA,NA
"6296",1,1,0,1
"341392",NA,NA,NA,NA
"54988",NA,NA,NA,NA
"123876",NA,NA,NA,NA
"348158",NA,NA,NA,NA
"344967",NA,NA,NA,NA
"154141",0,0,1,1
"51099",0,1,0,0
"253558",1,0,0,1
"84513",NA,NA,NA,NA
"64748",NA,NA,NA,NA
"9890",NA,NA,NA,NA
"9663",0,0,1,1
"196051",NA,NA,NA,NA
"79948",NA,NA,NA,NA
"23175",0,1,1,0
"64900",NA,NA,NA,NA
"85465",NA,NA,NA,NA
"122618",0,1,0,0
"201164",1,1,1,1
"23646",0,0,1,0
"590",1,0,0,0
"91012",1,1,1,1
"204219",NA,NA,NA,NA
"10715",NA,NA,NA,NA
"253782",0,1,1,0
"29956",1,1,0,1
"79603",0,0,0,1
"56624",NA,NA,NA,NA
"55757",NA,NA,NA,NA
"145173",0,0,1,1
"644974",NA,NA,NA,NA
"56886",1,1,1,1
"152586",NA,NA,NA,NA
"55830",0,1,1,1
"170384",0,0,0,1
"283358",NA,NA,NA,NA
"148789",NA,NA,NA,NA
"2526",NA,NA,NA,NA
"84750",NA,NA,NA,NA
"644378",NA,NA,NA,NA
"55624",0,1,1,0
"83468",NA,NA,NA,NA
"168391",NA,NA,NA,NA
"338707",NA,NA,NA,NA
"146664",NA,NA,NA,NA
"360203",NA,NA,NA,NA
"56983",0,0,1,1
"3703",0,0,1,0
"124872",NA,NA,NA,NA
"8473",0,1,1,0
"8708",NA,NA,NA,NA
"2529",0,0,1,1
"8702",1,1,1,1
"8707",NA,NA,NA,NA
"200810",NA,NA,NA,NA
"84752",NA,NA,NA,NA
"201595",1,1,0,0
"140687",NA,NA,NA,NA
"51228",0,1,1,0
"284004",NA,NA,NA,NA
"79411",NA,NA,NA,NA
"27090",1,1,1,1
"129807",NA,NA,NA,NA
"2524",NA,NA,NA,NA
"2528",NA,NA,NA,NA
"2527",NA,NA,NA,NA
"113612",0,1,1,1
"493869",NA,NA,NA,NA
"64180",NA,NA,NA,NA
"64174",1,1,1,1
"10728",1,1,1,1
"11102",0,0,1,0
"91179",NA,NA,NA,NA
"10826",NA,NA,NA,NA
"266740",NA,NA,NA,NA
"3930",1,1,1,1
"4645",NA,NA,NA,NA
"3069",1,0,1,1
"4864",0,0,1,1
"285440",NA,NA,NA,NA
"79644",1,1,1,1
"1646",NA,NA,NA,NA
"51170",1,1,1,1
"51144",1,1,1,1
"8630",NA,NA,NA,NA
"158160",NA,NA,NA,NA
"83401",NA,NA,NA,NA
"64834",1,0,1,0
"79993",1,1,1,1
"401494",0,1,1,0
"192286",0,1,1,0
"201562",1,0,1,0
"9200",1,1,1,1
"51495",0,0,1,1
"253017",NA,NA,NA,NA
"9524",1,1,1,1
"283985",NA,NA,NA,NA
"3995",NA,NA,NA,NA
"1155",1,1,1,1
"114571",NA,NA,NA,NA
"123096",0,1,0,0
"57016",NA,NA,NA,NA
"55277",NA,NA,NA,NA
"79707",0,0,1,1
"64122",0,1,0,1
"9917",1,0,1,0
"79672",1,1,1,1
"92370",NA,NA,NA,NA
"390928",NA,NA,NA,NA
"93650",NA,NA,NA,NA
"139596",1,0,0,0
"55066",1,1,1,0
"283208",NA,NA,NA,NA
"5033",1,1,0,0
"8974",0,1,1,1
"58478",0,1,1,0
"55256",0,1,0,0
"259307",1,0,0,0
"81894",NA,NA,NA,NA
"51312",NA,NA,NA,NA
"138639",NA,NA,NA,NA
"23203",0,1,1,1
"9896",0,1,1,0
"374462",NA,NA,NA,NA
"163404",NA,NA,NA,NA
"22908",1,1,1,1
"22876",1,0,1,0
"84814",NA,NA,NA,NA
"51559",0,1,1,0
"29085",1,1,0,0
"64419",0,1,1,1
"145553",0,1,0,1
"51496",0,1,1,0
"8446",1,0,1,1
"9107",0,1,1,0
"23371",NA,NA,NA,NA
"9108",NA,NA,NA,NA
"55613",NA,NA,NA,NA
"403313",1,0,1,0
"9562",1,1,0,0
"3705",0,0,1,1
"138429",NA,NA,NA,NA
"10170",1,1,1,1
"9249",1,0,0,1
"220074",NA,NA,NA,NA
"1733",NA,NA,NA,NA
"1735",NA,NA,NA,NA
"1734",NA,NA,NA,NA
"6819",1,1,1,1
"27284",0,0,1,1
"84274",0,1,1,0
"4297",1,0,0,1
"55904",1,0,1,0
"55870",NA,NA,NA,NA
"79723",1,1,1,1
"79813",1,0,1,1
"387893",0,0,0,1
"8085",0,1,0,0
"58508",0,1,1,1
"9869",0,1,1,0
"9757",0,1,1,0
"80854",1,0,0,0
"9739",1,0,1,1
"64754",0,1,0,1
"84444",1,1,1,1
"10919",0,1,0,1
"64324",1,0,1,0
"23067",0,1,1,0
"6839",1,0,1,1
"83852",NA,NA,NA,NA
"54904",NA,NA,NA,NA
"84787",1,1,1,0
"29072",1,0,0,1
"7468",NA,NA,NA,NA
"51111",1,1,1,1
"6419",0,1,1,0
"90701",1,0,0,0
"9789",1,1,1,1
"23478",1,1,1,1
"28972",1,1,1,1
"60559",1,1,1,1
"57171",0,1,1,1
"4249",0,0,1,1
"25834",NA,NA,NA,NA
"137902",NA,NA,NA,NA
"7837",NA,NA,NA,NA
"9677",1,1,1,1
"23262",1,1,0,0
"26007",1,1,1,1
"158584",NA,NA,NA,NA
"283209",0,1,0,1
"23491",NA,NA,NA,NA
"221223",NA,NA,NA,NA
"1208",NA,NA,NA,NA
"55244",NA,NA,NA,NA
"146802",NA,NA,NA,NA
"345274",NA,NA,NA,NA
"116085",NA,NA,NA,NA
"123688",NA,NA,NA,NA
"56898",0,0,1,1
"51171",NA,NA,NA,NA
"84869",0,1,0,1
"51741",0,1,0,0
"10202",1,1,1,1
"1487",1,1,1,1
"93517",NA,NA,NA,NA
"121214",NA,NA,NA,NA
"10553",1,1,0,1
"100288072",NA,NA,NA,NA
"374875",NA,NA,NA,NA
"441282",NA,NA,NA,NA
"340811",NA,NA,NA,NA
"133121",NA,NA,NA,NA
"85007",0,1,1,1
"250",NA,NA,NA,NA
"251",NA,NA,NA,NA
"123264",NA,NA,NA,NA
"200931",NA,NA,NA,NA
"10941",NA,NA,NA,NA
"79799",NA,NA,NA,NA
"10476",1,1,1,1
"518",NA,NA,NA,NA
"498",1,1,1,1
"516",NA,NA,NA,NA
"522",1,1,1,1
"515",1,1,1,1
"9551",0,0,1,1
"27109",NA,NA,NA,NA
"267020",NA,NA,NA,NA
"509",1,1,1,1
"513",1,1,1,1
"514",NA,NA,NA,NA
"517",NA,NA,NA,NA
"521",1,1,1,1
"10632",1,1,1,1
"506",0,1,1,0
"539",1,1,1,1
"29796",1,1,1,1
"4519",1,0,0,1
"1537",1,1,1,1
"7381",1,1,1,1
"10975",0,1,0,1
"27089",1,1,1,1
"7384",1,1,1,1
"7386",1,1,1,1
"7388",1,1,1,1
"7385",1,1,1,1
"9481",NA,NA,NA,NA
"9016",NA,NA,NA,NA
"7351",1,1,1,1
"7352",NA,NA,NA,NA
"4535",0,1,0,1
"4540",0,1,0,0
"4541",0,0,1,0
"4729",1,1,1,1
"126328",1,1,1,1
"4717",0,1,0,1
"4719",1,1,1,1
"7991",NA,NA,NA,NA
"4539",NA,NA,NA,NA
"4707",1,1,1,1
"4705",1,1,1,1
"4536",0,1,0,0
"4713",1,0,1,1
"4538",0,1,0,1
"4731",1,1,0,0
"4695",1,1,1,1
"4708",1,1,0,0
"4711",1,1,1,1
"4723",1,1,1,1
"4706",1,1,1,1
"4701",1,1,1,1
"4724",1,1,1,1
"4718",1,1,1,1
"4698",1,1,1,1
"4537",1,1,0,0
"55967",1,1,1,1
"4728",1,1,1,1
"4715",1,1,1,1
"51079",1,1,1,1
"54539",1,0,0,1
"4714",0,1,0,1
"4720",1,1,1,1
"4712",0,1,1,1
"4722",1,1,1,1
"4704",1,1,1,1
"4694",1,0,1,1
"4702",1,1,1,1
"4709",1,1,1,1
"4725",1,1,1,1
"4710",1,1,1,1
"4697",1,1,1,1
"4726",1,1,0,1
"4716",1,1,1,1
"374291",1,1,1,1
"1345",1,1,1,1
"1340",1,1,1,1
"1329",1,1,1,1
"4514",0,1,1,1
"4513",1,1,1,1
"1327",1,1,1,1
"1351",0,1,1,1
"1349",NA,NA,NA,NA
"1346",NA,NA,NA,NA
"1347",1,1,1,1
"9377",1,1,1,1
"1337",1,1,1,1
"4512",0,1,0,1
"1350",1,1,1,1
"9167",1,1,1,1
"125965",NA,NA,NA,NA
"1339",NA,NA,NA,NA
"170712",NA,NA,NA,NA
"84701",NA,NA,NA,NA
"4363",0,1,1,0
"146712",NA,NA,NA,NA
"10554",0,1,1,0
"240",1,0,0,1
"534",NA,NA,NA,NA
"8705",NA,NA,NA,NA
"570",NA,NA,NA,NA
"622",1,1,1,1
"57818",NA,NA,NA,NA
"8647",NA,NA,NA,NA
"124935",0,1,0,0
"6531",NA,NA,NA,NA
"11000",1,1,0,0
"4758",1,0,1,1
"2618",1,1,1,1
"2629",0,1,0,1
"7264",1,1,1,1
"284098",NA,NA,NA,NA
"3163",1,1,1,1
"7923",1,1,0,1
"10723",1,0,1,1
"201288",NA,NA,NA,NA
"645740",NA,NA,NA,NA
"1589",NA,NA,NA,NA
"9651",0,1,1,0
"8396",0,1,0,1
"8399",NA,NA,NA,NA
"64711",NA,NA,NA,NA
"7366",NA,NA,NA,NA
"9374",NA,NA,NA,NA
"93100",0,1,1,0
"55229",0,0,1,1
"26063",1,1,1,1
"2880",NA,NA,NA,NA
"65263",NA,NA,NA,NA
"8781",NA,NA,NA,NA
"31",0,1,0,0
"55750",1,1,1,1
"8644",0,1,1,1
"1066",0,0,1,0
"5446",1,1,0,0
"4905",1,1,1,1
"4700",1,1,1,1
"4696",1,0,1,1
"341947",NA,NA,NA,NA
